Date,Type,Link
2025-10-28 17:09:28,LIKE,https://www.linkedin.com/feed/update/urn%3Ali%3Aactivity%3A7386415702439641088
2025-10-28 17:08:33,LIKE,https://www.linkedin.com/feed/update/urn%3Ali%3Aactivity%3A7386301506200875008
2025-10-28 17:04:42,PRAISE,https://www.linkedin.com/feed/update/urn%3Ali%3AugcPost%3A7382084730554408960
2025-10-28 17:02:51,PRAISE,https://www.linkedin.com/feed/update/urn%3Ali%3AugcPost%3A7383022040863109120
2025-10-28 17:00:35,PRAISE,https://www.linkedin.com/feed/update/urn%3Ali%3Aactivity%3A7384166604097359872
2025-10-28 17:00:20,LIKE,https://www.linkedin.com/feed/update/urn%3Ali%3AugcPost%3A7384987983453696000
2025-10-12 11:56:48,LIKE,https://www.linkedin.com/feed/update/urn%3Ali%3Aactivity%3A7381991182261796865
2025-10-07 17:24:28,PRAISE,https://www.linkedin.com/feed/update/urn%3Ali%3AugcPost%3A7379189167626350592
2025-10-07 13:38:28,PRAISE,https://www.linkedin.com/feed/update/urn%3Ali%3Aactivity%3A7379181808086839296
2025-10-03 07:35:25,LIKE,https://www.linkedin.com/feed/update/urn%3Ali%3Aactivity%3A7379780738583252992
2025-09-30 08:15:25,PRAISE,https://www.linkedin.com/feed/update/urn%3Ali%3Aactivity%3A7378695437496643584
2025-09-22 09:19:20,LIKE,https://www.linkedin.com/feed/update/urn%3Ali%3Aactivity%3A7375799010495799296
2025-09-19 09:02:27,PRAISE,https://www.linkedin.com/feed/update/urn%3Ali%3Aactivity%3A7371781287923314688
2025-09-19 09:01:47,APPRECIATION,https://www.linkedin.com/feed/update/urn%3Ali%3Aactivity%3A7373626718206468096
2025-09-15 07:29:43,APPRECIATION,https://www.linkedin.com/feed/update/urn%3Ali%3AugcPost%3A7371948993788055553
2025-09-02 07:18:41,PRAISE,https://www.linkedin.com/feed/update/urn%3Ali%3AugcPost%3A7367241140103696384
2025-08-29 14:47:23,APPRECIATION,https://www.linkedin.com/feed/update/urn%3Ali%3Aactivity%3A7357335221756731393
2025-08-29 14:18:10,APPRECIATION,https://www.linkedin.com/feed/update/urn%3Ali%3Aactivity%3A7366722698720210946
2025-08-18 08:40:59,LIKE,https://www.linkedin.com/feed/update/urn%3Ali%3Aactivity%3A7356621960832860161
2025-08-18 08:16:38,PRAISE,https://www.linkedin.com/feed/update/urn%3Ali%3Aactivity%3A7355927252456419328
2025-08-18 08:15:37,PRAISE,https://www.linkedin.com/feed/update/urn%3Ali%3Aactivity%3A7361745518063939586
2025-08-18 08:15:19,PRAISE,https://www.linkedin.com/feed/update/urn%3Ali%3AugcPost%3A7349512157094416385
2025-08-18 08:15:02,LIKE,https://www.linkedin.com/feed/update/urn%3Ali%3AugcPost%3A7356948399763398657
2025-08-18 08:14:51,APPRECIATION,https://www.linkedin.com/feed/update/urn%3Ali%3AugcPost%3A7354506221753618432
2025-08-18 08:14:25,PRAISE,https://www.linkedin.com/feed/update/urn%3Ali%3Aactivity%3A7354491119226765312
2025-08-18 08:14:07,ENTERTAINMENT,https://www.linkedin.com/feed/update/urn%3Ali%3Aactivity%3A7356933595740913665
2025-08-18 08:13:39,PRAISE,https://www.linkedin.com/feed/update/urn%3Ali%3AugcPost%3A7356302720397373440
2025-08-18 08:13:26,PRAISE,https://www.linkedin.com/feed/update/urn%3Ali%3Aactivity%3A7358316363922247680
2025-08-18 08:12:33,APPRECIATION,https://www.linkedin.com/feed/update/urn%3Ali%3Aactivity%3A7362449522238623745
2025-07-17 16:31:46,LIKE,https://www.linkedin.com/feed/update/urn%3Ali%3Aactivity%3A7351431077669879808
2025-07-17 16:31:17,LIKE,https://www.linkedin.com/feed/update/urn%3Ali%3Aactivity%3A7348604752085061632
2025-07-17 16:31:10,PRAISE,https://www.linkedin.com/feed/update/urn%3Ali%3AugcPost%3A7349452413843529728
2025-07-17 16:30:34,PRAISE,https://www.linkedin.com/feed/update/urn%3Ali%3AugcPost%3A7351280571521638401
2025-07-17 16:16:13,APPRECIATION,https://www.linkedin.com/feed/update/urn%3Ali%3AugcPost%3A7351610216515313667
2025-07-11 17:37:41,PRAISE,https://www.linkedin.com/feed/update/urn%3Ali%3Aactivity%3A7349017658568192001
2025-07-10 12:03:33,APPRECIATION,https://www.linkedin.com/feed/update/urn%3Ali%3Aactivity%3A7348621178422362112
2025-07-08 14:38:07,INTEREST,https://www.linkedin.com/feed/update/urn%3Ali%3AugcPost%3A7346367658906275840
2025-07-08 14:37:14,PRAISE,https://www.linkedin.com/feed/update/urn%3Ali%3AugcPost%3A7347868308441890816
2025-07-08 14:36:21,APPRECIATION,https://www.linkedin.com/feed/update/urn%3Ali%3AugcPost%3A7347990377917771777
2025-07-08 14:35:55,LIKE,https://www.linkedin.com/feed/update/urn%3Ali%3AugcPost%3A7348168497081827328
2025-06-30 08:34:09,APPRECIATION,https://www.linkedin.com/feed/update/urn%3Ali%3Aactivity%3A7344285424497942528
2025-06-26 15:01:47,LIKE,https://www.linkedin.com/feed/update/urn%3Ali%3Aactivity%3A7343933750470225920
2025-06-26 08:18:53,PRAISE,https://www.linkedin.com/feed/update/urn%3Ali%3Aactivity%3A7341875359446986752
2025-06-24 05:59:34,LIKE,https://www.linkedin.com/feed/update/urn%3Ali%3Aactivity%3A7341438356754468864
2025-06-24 05:59:19,APPRECIATION,https://www.linkedin.com/feed/update/urn%3Ali%3Aactivity%3A7343006549344219136
2025-06-24 05:57:26,LIKE,https://www.linkedin.com/feed/update/urn%3Ali%3Aactivity%3A7342969263919411202
2025-06-24 05:54:54,LIKE,https://www.linkedin.com/feed/update/urn%3Ali%3Aactivity%3A7341354555697201152
2025-06-24 05:53:21,LIKE,https://www.linkedin.com/feed/update/urn%3Ali%3AugcPost%3A7342775991468965888
2025-06-20 11:46:19,APPRECIATION,https://www.linkedin.com/feed/update/urn%3Ali%3AugcPost%3A7338200650020749313
2025-06-20 11:44:01,PRAISE,https://www.linkedin.com/feed/update/urn%3Ali%3AugcPost%3A7341507636829351936
2025-06-19 09:14:04,PRAISE,https://www.linkedin.com/feed/update/urn%3Ali%3Aactivity%3A7336356261959028737
2025-06-19 09:11:30,APPRECIATION,https://www.linkedin.com/feed/update/urn%3Ali%3Aactivity%3A7341382348191539202
2025-06-19 08:04:59,APPRECIATION,https://www.linkedin.com/feed/update/urn%3Ali%3Aactivity%3A7339543383763308544
2025-06-19 08:03:22,LIKE,https://www.linkedin.com/feed/update/urn%3Ali%3AugcPost%3A7341275031001321472
2025-06-18 16:45:11,APPRECIATION,https://www.linkedin.com/feed/update/urn%3Ali%3Aactivity%3A7341129581875052546
2025-06-13 06:47:59,LIKE,https://www.linkedin.com/feed/update/urn%3Ali%3Aactivity%3A7334509253459677184
2025-06-13 06:46:11,PRAISE,https://www.linkedin.com/feed/update/urn%3Ali%3AugcPost%3A7335962071794176002
2025-06-13 06:44:24,LIKE,https://www.linkedin.com/feed/update/urn%3Ali%3AugcPost%3A7338440645763604480
2025-06-13 06:44:09,LIKE,https://www.linkedin.com/feed/update/urn%3Ali%3AugcPost%3A7338927462526971906
2025-06-13 06:44:00,PRAISE,https://www.linkedin.com/feed/update/urn%3Ali%3Aactivity%3A7338297092706103299
2025-06-12 16:29:46,EMPATHY,https://www.linkedin.com/feed/update/urn%3Ali%3Aactivity%3A7338507222257164288
2025-06-12 16:28:30,LIKE,https://www.linkedin.com/feed/update/urn%3Ali%3Aactivity%3A7338810552506327040
2025-06-12 16:28:26,PRAISE,https://www.linkedin.com/feed/update/urn%3Ali%3Aactivity%3A7338293896956760065
2025-06-12 16:26:24,LIKE,https://www.linkedin.com/feed/update/urn%3Ali%3Aactivity%3A7338313097784254465
2025-06-12 16:25:24,PRAISE,https://www.linkedin.com/feed/update/urn%3Ali%3AugcPost%3A7338871150971682816
2025-06-10 08:19:39,LIKE,https://www.linkedin.com/feed/update/urn%3Ali%3AugcPost%3A7335704239714811905
2025-06-10 06:38:43,LIKE,https://www.linkedin.com/feed/update/urn%3Ali%3Aactivity%3A7338067391651672064
2025-05-21 21:55:09,LIKE,https://www.linkedin.com/feed/update/urn%3Ali%3Aactivity%3A7329494718692667393
2025-05-21 21:53:56,LIKE,https://www.linkedin.com/feed/update/urn%3Ali%3Aactivity%3A7330810446876172288
2025-05-21 21:53:00,PRAISE,https://www.linkedin.com/feed/update/urn%3Ali%3Aactivity%3A7330158914673459201
2025-05-21 21:52:33,LIKE,https://www.linkedin.com/feed/update/urn%3Ali%3Aactivity%3A7330927087458873347
2025-05-16 16:57:51,LIKE,https://www.linkedin.com/feed/update/urn%3Ali%3Aactivity%3A7328698653450113025
2025-05-16 15:38:18,LIKE,https://www.linkedin.com/feed/update/urn%3Ali%3Aactivity%3A7328698208572837888
2025-05-01 07:40:50,LIKE,https://www.linkedin.com/feed/update/urn%3Ali%3Aactivity%3A7320778802672852992
2025-04-19 16:03:20,PRAISE,https://www.linkedin.com/feed/update/urn%3Ali%3AugcPost%3A7317824345911746560?commentUrn=urn%3Ali%3Acomment%3A%28ugcPost%3A7317824345911746560%2C7318527679039688707%29
2025-04-19 16:03:15,LIKE,https://www.linkedin.com/feed/update/urn%3Ali%3AugcPost%3A7317824345911746560
2025-04-19 16:01:44,LIKE,https://www.linkedin.com/feed/update/urn%3Ali%3Aactivity%3A7317932967601831936
2025-04-19 16:01:20,LIKE,https://www.linkedin.com/feed/update/urn%3Ali%3Aactivity%3A7318478641904959490
2025-04-15 09:22:04,LIKE,https://www.linkedin.com/feed/update/urn%3Ali%3AugcPost%3A7313132612628189185
2025-04-14 07:29:27,LIKE,https://www.linkedin.com/feed/update/urn%3Ali%3Aactivity%3A7316346779942219778
2025-04-14 07:26:46,PRAISE,https://www.linkedin.com/feed/update/urn%3Ali%3Aactivity%3A7316386160421855234
2025-04-14 07:26:12,LIKE,https://www.linkedin.com/feed/update/urn%3Ali%3Aactivity%3A7312738018828677120
2025-04-14 07:25:35,APPRECIATION,https://www.linkedin.com/feed/update/urn%3Ali%3AugcPost%3A7316371914355036161
2025-04-14 07:25:21,LIKE,https://www.linkedin.com/feed/update/urn%3Ali%3AugcPost%3A7313132130878779392
2025-04-14 07:24:44,PRAISE,https://www.linkedin.com/feed/update/urn%3Ali%3AugcPost%3A7313867635220205568
2025-04-14 07:24:24,LIKE,https://www.linkedin.com/feed/update/urn%3Ali%3Aactivity%3A7316000260718276608
2025-04-14 07:23:39,PRAISE,https://www.linkedin.com/feed/update/urn%3Ali%3AugcPost%3A7313512982456545280
2025-04-07 16:55:06,PRAISE,https://www.linkedin.com/feed/update/urn%3Ali%3AugcPost%3A7313085033840279553
2025-04-07 08:07:31,PRAISE,https://www.linkedin.com/feed/update/urn%3Ali%3Aactivity%3A7310254117405282304
2025-04-07 08:07:05,LIKE,https://www.linkedin.com/feed/update/urn%3Ali%3Aactivity%3A7312715344551313408
2025-04-07 08:05:18,PRAISE,https://www.linkedin.com/feed/update/urn%3Ali%3Aactivity%3A7310311977719869440
2025-03-18 15:03:00,LIKE,https://www.linkedin.com/feed/update/urn%3Ali%3Aactivity%3A7300925144942694401
2025-03-18 14:55:37,LIKE,https://www.linkedin.com/feed/update/urn%3Ali%3Aactivity%3A7306329156626116608
2025-03-18 14:52:54,LIKE,https://www.linkedin.com/feed/update/urn%3Ali%3Aactivity%3A7307681308397195264
2025-03-18 14:51:28,LIKE,https://www.linkedin.com/feed/update/urn%3Ali%3Aactivity%3A7305500274989645824
2025-03-18 14:39:42,LIKE,https://www.linkedin.com/feed/update/urn%3Ali%3Aactivity%3A7302700935984656384
2025-02-27 10:27:41,LIKE,https://www.linkedin.com/feed/update/urn%3Ali%3Aactivity%3A7300814526814277632
2025-02-27 10:26:10,ENTERTAINMENT,https://www.linkedin.com/feed/update/urn%3Ali%3AugcPost%3A7298402458710536192?commentUrn=urn%3Ali%3Acomment%3A%28ugcPost%3A7298402458710536192%2C7300813848150790145%29
2025-02-27 09:13:33,PRAISE,https://www.linkedin.com/feed/update/urn%3Ali%3Aactivity%3A7298002450261639168
2025-02-27 09:12:44,LIKE,https://www.linkedin.com/feed/update/urn%3Ali%3Aactivity%3A7300764679608430593
2025-02-26 15:10:30,LIKE,https://www.linkedin.com/feed/update/urn%3Ali%3Aactivity%3A7299723027024347136?commentUrn=urn%3Ali%3Acomment%3A%28activity%3A7299723027024347136%2C7300081920766361600%29
2025-02-26 15:10:25,LIKE,https://www.linkedin.com/feed/update/urn%3Ali%3Aactivity%3A7299723027024347136?commentUrn=urn%3Ali%3Acomment%3A%28activity%3A7299723027024347136%2C7299948288823218176%29
2025-02-26 15:10:08,LIKE,https://www.linkedin.com/feed/update/urn%3Ali%3Aactivity%3A7299786080206110720
2025-02-26 15:07:30,LIKE,https://www.linkedin.com/feed/update/urn%3Ali%3AugcPost%3A7299897933724815360
2025-02-26 15:06:18,LIKE,https://www.linkedin.com/feed/update/urn%3Ali%3Aactivity%3A7300202815694471169
2025-02-24 16:56:44,LIKE,https://www.linkedin.com/feed/update/urn%3Ali%3Aactivity%3A7299723027024347136?commentUrn=urn%3Ali%3Acomment%3A%28activity%3A7299723027024347136%2C7299744727359217666%29
2025-02-24 15:12:32,PRAISE,https://www.linkedin.com/feed/update/urn%3Ali%3Aactivity%3A7299117547038109696
2025-02-24 15:04:43,LIKE,https://www.linkedin.com/feed/update/urn%3Ali%3Aactivity%3A7299608304144564224?commentUrn=urn%3Ali%3Acomment%3A%28activity%3A7299608304144564224%2C7299752336996941825%29
2025-02-24 14:58:51,LIKE,https://www.linkedin.com/feed/update/urn%3Ali%3Aactivity%3A7292816340459880448
2025-02-24 09:49:50,LIKE,https://www.linkedin.com/feed/update/urn%3Ali%3Aactivity%3A7298664079978647552
2025-02-24 09:48:50,PRAISE,https://www.linkedin.com/feed/update/urn%3Ali%3AugcPost%3A7299117804199329793
2025-02-24 08:46:50,LIKE,https://www.linkedin.com/feed/update/urn%3Ali%3Aactivity%3A7299608304144564224
2025-02-19 14:08:57,LIKE,https://www.linkedin.com/feed/update/urn%3Ali%3AugcPost%3A7297926460000907264
2025-02-18 13:08:09,LIKE,https://www.linkedin.com/feed/update/urn%3Ali%3AugcPost%3A7295261573600681985
2025-02-12 10:38:06,LIKE,https://www.linkedin.com/feed/update/urn%3Ali%3Aactivity%3A7294767552029687808
2025-02-12 10:37:40,LIKE,https://www.linkedin.com/feed/update/urn%3Ali%3Aactivity%3A7295167899952979970
2025-02-12 10:37:10,LIKE,https://www.linkedin.com/feed/update/urn%3Ali%3Aactivity%3A7294844481629999105
2025-02-12 10:36:31,LIKE,https://www.linkedin.com/feed/update/urn%3Ali%3AugcPost%3A7295356929005027328
2025-02-12 10:36:19,LIKE,https://www.linkedin.com/feed/update/urn%3Ali%3AugcPost%3A7295115412386504705
2025-02-11 13:50:02,LIKE,https://www.linkedin.com/feed/update/urn%3Ali%3Aactivity%3A7295011221060136960
2025-02-11 13:47:47,PRAISE,https://www.linkedin.com/feed/update/urn%3Ali%3AugcPost%3A7295041942361419777
2025-02-10 11:17:22,LIKE,https://www.linkedin.com/feed/update/urn%3Ali%3Aactivity%3A7294643238051741696
2025-02-10 09:00:11,PRAISE,https://www.linkedin.com/feed/update/urn%3Ali%3Aactivity%3A7294611102259118080
2025-02-10 08:59:55,APPRECIATION,https://www.linkedin.com/feed/update/urn%3Ali%3Aactivity%3A7289753899509403648
2025-02-08 18:42:27,LIKE,https://www.linkedin.com/feed/update/urn%3Ali%3Aactivity%3A7293570357171548161
2025-02-08 08:40:37,LIKE,https://www.linkedin.com/feed/update/urn%3Ali%3AugcPost%3A7293308380662677511
2025-02-08 08:39:37,LIKE,https://www.linkedin.com/feed/update/urn%3Ali%3Aactivity%3A7293762532702384128
2025-02-08 08:38:00,LIKE,https://www.linkedin.com/feed/update/urn%3Ali%3AugcPost%3A7293308375407202305
2025-02-04 15:35:47,PRAISE,https://www.linkedin.com/feed/update/urn%3Ali%3Aactivity%3A7290778009991610372
2025-02-04 15:34:22,LIKE,https://www.linkedin.com/feed/update/urn%3Ali%3Aactivity%3A7290082197007486976
2025-02-04 15:33:52,LIKE,https://www.linkedin.com/feed/update/urn%3Ali%3AugcPost%3A7290331839267840000
2025-02-04 15:32:40,LIKE,https://www.linkedin.com/feed/update/urn%3Ali%3AugcPost%3A7290419522757361664
2025-02-04 11:10:11,LIKE,https://www.linkedin.com/feed/update/urn%3Ali%3Aactivity%3A7292362532206395392
2025-02-03 13:17:14,PRAISE,https://www.linkedin.com/feed/update/urn%3Ali%3Aactivity%3A7290735872197500928
2025-01-28 15:29:32,LIKE,https://www.linkedin.com/feed/update/urn%3Ali%3Aactivity%3A7290019205955944449
2025-01-27 15:57:53,LIKE,https://www.linkedin.com/feed/update/urn%3Ali%3Aactivity%3A7284825102616006656
2025-01-27 15:57:18,LIKE,https://www.linkedin.com/feed/update/urn%3Ali%3Aactivity%3A7289570457689763840
2025-01-27 11:16:52,APPRECIATION,https://www.linkedin.com/feed/update/urn%3Ali%3Aactivity%3A7285320685369896961
2025-01-27 11:15:59,LIKE,https://www.linkedin.com/feed/update/urn%3Ali%3Aactivity%3A7288117993018990593
2025-01-27 11:14:44,LIKE,https://www.linkedin.com/feed/update/urn%3Ali%3AugcPost%3A7289581863596085248
2025-01-27 11:14:10,PRAISE,https://www.linkedin.com/feed/update/urn%3Ali%3Aactivity%3A7288674756348772354
2025-01-24 18:39:13,LIKE,https://www.linkedin.com/feed/update/urn%3Ali%3Aactivity%3A7284495422604103680
2025-01-24 18:38:11,LIKE,https://www.linkedin.com/feed/update/urn%3Ali%3Aactivity%3A7285323007974100992
2025-01-24 18:37:35,LIKE,https://www.linkedin.com/feed/update/urn%3Ali%3Aactivity%3A7285558932205404160
2025-01-24 18:36:37,PRAISE,https://www.linkedin.com/feed/update/urn%3Ali%3Aactivity%3A7285690035620745216
2025-01-24 18:35:38,LIKE,https://www.linkedin.com/feed/update/urn%3Ali%3Aactivity%3A7284977800812404737
2025-01-24 18:35:28,LIKE,https://www.linkedin.com/feed/update/urn%3Ali%3Aactivity%3A7284782405335334912
2025-01-24 18:34:53,PRAISE,https://www.linkedin.com/feed/update/urn%3Ali%3Aactivity%3A7285941620892483587
2025-01-24 18:33:47,LIKE,https://www.linkedin.com/feed/update/urn%3Ali%3AugcPost%3A7288122693797789696
2025-01-24 18:33:40,PRAISE,https://www.linkedin.com/feed/update/urn%3Ali%3AugcPost%3A7285036736408109058
2025-01-24 18:33:27,ENTERTAINMENT,https://www.linkedin.com/feed/update/urn%3Ali%3Aactivity%3A7287060046092378115
2025-01-24 18:33:05,LIKE,https://www.linkedin.com/feed/update/urn%3Ali%3Aactivity%3A7287428641515327488
2025-01-24 18:32:58,LIKE,https://www.linkedin.com/feed/update/urn%3Ali%3AugcPost%3A7287937140263436290
2025-01-24 18:32:20,APPRECIATION,https://www.linkedin.com/feed/update/urn%3Ali%3Aactivity%3A7282290706260393984
2025-01-24 18:26:54,APPRECIATION,https://www.linkedin.com/feed/update/urn%3Ali%3Aactivity%3A7288603947265654784
2025-01-24 18:25:58,PRAISE,https://www.linkedin.com/feed/update/urn%3Ali%3AugcPost%3A7287149421123784705
2025-01-24 18:25:15,LIKE,https://www.linkedin.com/feed/update/urn%3Ali%3Aactivity%3A7288457172743553026
2025-01-23 15:12:54,LIKE,https://www.linkedin.com/feed/update/urn%3Ali%3Aactivity%3A7288042789483753474
2025-01-20 13:04:46,APPRECIATION,https://www.linkedin.com/feed/update/urn%3Ali%3Aactivity%3A7285925092050518016
2025-01-16 17:18:20,LIKE,https://www.linkedin.com/feed/update/urn%3Ali%3Aactivity%3A7285690586118975490
2025-01-10 16:00:02,LIKE,https://www.linkedin.com/feed/update/urn%3Ali%3AugcPost%3A7283496779231170560
2025-01-07 15:26:34,LIKE,https://www.linkedin.com/feed/update/urn%3Ali%3Aactivity%3A7281698741596676096
2025-01-07 15:16:31,PRAISE,https://www.linkedin.com/feed/update/urn%3Ali%3Aactivity%3A7281595434362408960
2024-12-31 22:17:25,APPRECIATION,https://www.linkedin.com/feed/update/urn%3Ali%3Aactivity%3A7279942799985168384
2024-12-30 18:17:17,LIKE,https://www.linkedin.com/feed/update/urn%3Ali%3Aactivity%3A7275915149738176512
2024-12-30 18:16:41,LIKE,https://www.linkedin.com/feed/update/urn%3Ali%3AugcPost%3A7269954190750158848
2024-12-30 18:15:45,LIKE,https://www.linkedin.com/feed/update/urn%3Ali%3Aactivity%3A7269790341526896640
2024-12-18 09:35:50,LIKE,https://www.linkedin.com/feed/update/urn%3Ali%3Aactivity%3A7275057304142548995
2024-12-17 14:25:24,PRAISE,https://www.linkedin.com/feed/update/urn%3Ali%3AugcPost%3A7271931990545686530
2024-12-09 13:48:24,LIKE,https://www.linkedin.com/feed/update/urn%3Ali%3Aactivity%3A7271796150779756545
2024-12-06 09:28:54,LIKE,https://www.linkedin.com/feed/update/urn%3Ali%3AugcPost%3A7270476387436695552
2024-12-05 10:23:20,LIKE,https://www.linkedin.com/feed/update/urn%3Ali%3AugcPost%3A7270164061336588288
2024-12-05 10:21:44,PRAISE,https://www.linkedin.com/feed/update/urn%3Ali%3Aactivity%3A7268760719884537857
2024-12-05 10:19:43,PRAISE,https://www.linkedin.com/feed/update/urn%3Ali%3AugcPost%3A7267720983090737153
2024-12-05 10:06:45,LIKE,https://www.linkedin.com/feed/update/urn%3Ali%3AugcPost%3A7270262367664386050
2024-12-04 19:49:24,PRAISE,https://www.linkedin.com/feed/update/urn%3Ali%3AugcPost%3A7268201042285080578
2024-12-04 19:46:31,LIKE,https://www.linkedin.com/feed/update/urn%3Ali%3AugcPost%3A7269727854907506688
2024-12-04 19:46:01,LIKE,https://www.linkedin.com/feed/update/urn%3Ali%3Aactivity%3A7269983807632506880
2024-12-04 19:31:44,PRAISE,https://www.linkedin.com/feed/update/urn%3Ali%3Aactivity%3A7269993003660767232
2024-12-03 13:48:38,LIKE,https://www.linkedin.com/feed/update/urn%3Ali%3AugcPost%3A7269614058528530432
2024-12-03 13:48:27,PRAISE,https://www.linkedin.com/feed/update/urn%3Ali%3AugcPost%3A7268643656075558912
2024-11-28 20:05:59,LIKE,https://www.linkedin.com/feed/update/urn%3Ali%3Aactivity%3A7267883852080066560
2024-11-28 17:25:14,LIKE,https://www.linkedin.com/feed/update/urn%3Ali%3Aactivity%3A7267830960522514432
2024-11-28 06:15:05,LIKE,https://www.linkedin.com/feed/update/urn%3Ali%3AugcPost%3A7267379612974759938
2024-11-28 06:11:30,LIKE,https://www.linkedin.com/feed/update/urn%3Ali%3Aactivity%3A7267482177448120320
2024-11-28 06:04:25,LIKE,https://www.linkedin.com/feed/update/urn%3Ali%3Aactivity%3A7263252796051742721
2024-11-28 06:02:17,LIKE,https://www.linkedin.com/feed/update/urn%3Ali%3Aactivity%3A7267460897030217728
2024-11-28 05:59:44,LIKE,https://www.linkedin.com/feed/update/urn%3Ali%3AugcPost%3A7267525902618484737
2024-11-26 18:08:47,PRAISE,https://www.linkedin.com/feed/update/urn%3Ali%3AugcPost%3A7265478072366235650
2024-11-26 18:06:41,PRAISE,https://www.linkedin.com/feed/update/urn%3Ali%3Aactivity%3A7264956404677984256
2024-11-26 15:29:03,LIKE,https://www.linkedin.com/feed/update/urn%3Ali%3AugcPost%3A7264987090143064065
2024-11-26 15:27:48,LIKE,https://www.linkedin.com/feed/update/urn%3Ali%3Aactivity%3A7266823071410401281
2024-11-26 15:26:04,APPRECIATION,https://www.linkedin.com/feed/update/urn%3Ali%3AugcPost%3A7264932689202266114
2024-11-26 15:22:30,ENTERTAINMENT,https://www.linkedin.com/feed/update/urn%3Ali%3AugcPost%3A7267098161523957760?commentUrn=urn%3Ali%3Acomment%3A%28ugcPost%3A7267098161523957760%2C7267098901113966592%29
2024-11-26 15:21:55,LIKE,https://www.linkedin.com/feed/update/urn%3Ali%3AugcPost%3A7267098161523957760
2024-11-26 15:21:00,LIKE,https://www.linkedin.com/feed/update/urn%3Ali%3AugcPost%3A7266760740185739264
2024-11-26 15:19:34,LIKE,https://www.linkedin.com/feed/update/urn%3Ali%3Aactivity%3A7266984528391348224
2024-11-26 09:10:14,PRAISE,https://www.linkedin.com/feed/update/urn%3Ali%3Aactivity%3A7267077289744424960
2024-11-26 09:09:36,LIKE,https://www.linkedin.com/feed/update/urn%3Ali%3AugcPost%3A7267047016097009665
2024-11-25 11:32:59,LIKE,https://www.linkedin.com/feed/update/urn%3Ali%3Aactivity%3A7263185224849620993
2024-11-24 18:10:25,LIKE,https://www.linkedin.com/feed/update/urn%3Ali%3Aactivity%3A7262285310707851265?commentUrn=urn%3Ali%3Acomment%3A%28activity%3A7262285310707851265%2C7266388609665040385%29
2024-11-23 17:15:10,LIKE,https://www.linkedin.com/feed/update/urn%3Ali%3AugcPost%3A7266074793202876416
2024-11-23 09:40:22,APPRECIATION,https://www.linkedin.com/feed/update/urn%3Ali%3Aactivity%3A7265306601039785985
2024-11-22 12:46:18,LIKE,https://www.linkedin.com/feed/update/urn%3Ali%3AugcPost%3A7265652358993395713
2024-11-22 12:45:57,LIKE,https://www.linkedin.com/feed/update/urn%3Ali%3Aactivity%3A7262047844356820994?commentUrn=urn%3Ali%3Acomment%3A%28activity%3A7262047844356820994%2C7265681544944492545%29
2024-11-22 12:45:35,APPRECIATION,https://www.linkedin.com/feed/update/urn%3Ali%3Aactivity%3A7262047844356820994?commentUrn=urn%3Ali%3Acomment%3A%28activity%3A7262047844356820994%2C7262376198947663872%29
2024-11-22 10:22:32,LIKE,https://www.linkedin.com/feed/update/urn%3Ali%3Aactivity%3A7265640717912260609
2024-11-22 10:21:52,ENTERTAINMENT,https://www.linkedin.com/feed/update/urn%3Ali%3Aactivity%3A7265627658611273728?commentUrn=urn%3Ali%3Acomment%3A%28activity%3A7265627658611273728%2C7265655474631421952%29
2024-11-22 09:15:07,LIKE,https://www.linkedin.com/feed/update/urn%3Ali%3Aactivity%3A7265627658611273728?commentUrn=urn%3Ali%3Acomment%3A%28activity%3A7265627658611273728%2C7265636729204723712%29
2024-11-21 17:07:05,PRAISE,https://www.linkedin.com/feed/update/urn%3Ali%3AugcPost%3A7262874464181186560
2024-11-21 17:05:46,APPRECIATION,https://www.linkedin.com/feed/update/urn%3Ali%3Aactivity%3A7265326443637694464
2024-11-21 17:04:56,APPRECIATION,https://www.linkedin.com/feed/update/urn%3Ali%3AugcPost%3A7264762297904947203
2024-11-21 16:59:57,APPRECIATION,https://www.linkedin.com/feed/update/urn%3Ali%3Aactivity%3A7265257633463373824
2024-11-21 16:59:40,PRAISE,https://www.linkedin.com/feed/update/urn%3Ali%3Aactivity%3A7265367311006449664
2024-11-21 16:59:27,LIKE,https://www.linkedin.com/feed/update/urn%3Ali%3Aactivity%3A7265380963587612672
2024-11-21 16:59:10,PRAISE,https://www.linkedin.com/feed/update/urn%3Ali%3Aactivity%3A7265379227825266688
2024-11-21 15:23:52,PRAISE,https://www.linkedin.com/feed/update/urn%3Ali%3Aactivity%3A7265238266210054144
2024-11-21 15:23:35,LIKE,https://www.linkedin.com/feed/update/urn%3Ali%3Aactivity%3A7263076078393409536
2024-11-21 15:22:24,PRAISE,https://www.linkedin.com/feed/update/urn%3Ali%3AugcPost%3A7264942570873540608
2024-11-21 15:22:14,LIKE,https://www.linkedin.com/feed/update/urn%3Ali%3Aactivity%3A7265375290233704448
2024-11-21 15:22:05,LIKE,https://www.linkedin.com/feed/update/urn%3Ali%3AugcPost%3A7265295364918808577
2024-11-21 15:20:23,PRAISE,https://www.linkedin.com/feed/update/urn%3Ali%3Aactivity%3A7264700620706627586
2024-11-21 15:09:39,LIKE,https://www.linkedin.com/feed/update/urn%3Ali%3Aactivity%3A7262285310707851265?commentUrn=urn%3Ali%3Acomment%3A%28activity%3A7262285310707851265%2C7263314011054653440%29
2024-11-21 15:09:20,LIKE,https://www.linkedin.com/feed/update/urn%3Ali%3Aactivity%3A7262285310707851265?commentUrn=urn%3Ali%3Acomment%3A%28activity%3A7262285310707851265%2C7263660053453328385%29
2024-11-21 15:09:06,LIKE,https://www.linkedin.com/feed/update/urn%3Ali%3Aactivity%3A7262285310707851265?commentUrn=urn%3Ali%3Acomment%3A%28activity%3A7262285310707851265%2C7263875770077384704%29
2024-11-21 15:08:59,LIKE,https://www.linkedin.com/feed/update/urn%3Ali%3Aactivity%3A7262285310707851265?commentUrn=urn%3Ali%3Acomment%3A%28activity%3A7262285310707851265%2C7264263259673825281%29
2024-11-21 15:07:51,LIKE,https://www.linkedin.com/feed/update/urn%3Ali%3Aactivity%3A7262285310707851265?commentUrn=urn%3Ali%3Acomment%3A%28activity%3A7262285310707851265%2C7265238196517498882%29
2024-11-21 15:07:13,LIKE,https://www.linkedin.com/feed/update/urn%3Ali%3Aactivity%3A7262285310707851265?commentUrn=urn%3Ali%3Acomment%3A%28activity%3A7262285310707851265%2C7265270911388323841%29
2024-11-20 16:56:23,LIKE,https://www.linkedin.com/feed/update/urn%3Ali%3AugcPost%3A7264958644893503489
2024-11-20 16:56:03,LIKE,https://www.linkedin.com/feed/update/urn%3Ali%3AugcPost%3A7264842793053822976
2024-11-19 17:59:11,APPRECIATION,https://www.linkedin.com/feed/update/urn%3Ali%3AugcPost%3A7264238413191548928
2024-11-19 17:54:15,LIKE,https://www.linkedin.com/feed/update/urn%3Ali%3AugcPost%3A7258049096161095680
2024-11-19 17:46:48,LIKE,https://www.linkedin.com/feed/update/urn%3Ali%3AugcPost%3A7262680611574759424
2024-11-19 17:44:09,LIKE,https://www.linkedin.com/feed/update/urn%3Ali%3Aactivity%3A7264537756104593410
2024-11-19 17:43:39,LIKE,https://www.linkedin.com/feed/update/urn%3Ali%3AugcPost%3A7264555618512834560
2024-11-19 07:10:59,LIKE,https://www.linkedin.com/feed/update/urn%3Ali%3Aactivity%3A7264117988222468096
2024-11-19 07:09:40,LIKE,https://www.linkedin.com/feed/update/urn%3Ali%3Aactivity%3A7264209629792935937
2024-11-19 07:09:21,PRAISE,https://www.linkedin.com/feed/update/urn%3Ali%3Aactivity%3A7262794052608086017
2024-11-19 07:07:33,LIKE,https://www.linkedin.com/feed/update/urn%3Ali%3Aactivity%3A7264223316423446528
2024-11-15 18:31:24,LIKE,https://www.linkedin.com/feed/update/urn%3Ali%3AugcPost%3A7263194468642680832
2024-11-15 18:26:29,LIKE,https://www.linkedin.com/feed/update/urn%3Ali%3Aactivity%3A7262285310707851265?commentUrn=urn%3Ali%3Acomment%3A%28activity%3A7262285310707851265%2C7262647014100738049%29
2024-11-15 18:26:00,LIKE,https://www.linkedin.com/feed/update/urn%3Ali%3Aactivity%3A7262285310707851265?commentUrn=urn%3Ali%3Acomment%3A%28activity%3A7262285310707851265%2C7262487961915604993%29
2024-11-15 18:25:43,LIKE,https://www.linkedin.com/feed/update/urn%3Ali%3Aactivity%3A7262285310707851265?commentUrn=urn%3Ali%3Acomment%3A%28activity%3A7262285310707851265%2C7262409464056623105%29
2024-11-15 18:24:03,LIKE,https://www.linkedin.com/feed/update/urn%3Ali%3Aactivity%3A7262285310707851265?commentUrn=urn%3Ali%3Acomment%3A%28activity%3A7262285310707851265%2C7262553224912547841%29
2024-11-15 18:23:42,LIKE,https://www.linkedin.com/feed/update/urn%3Ali%3Aactivity%3A7262285310707851265?commentUrn=urn%3Ali%3Acomment%3A%28activity%3A7262285310707851265%2C7262396647920254976%29
2024-11-15 18:23:26,LIKE,https://www.linkedin.com/feed/update/urn%3Ali%3Aactivity%3A7262285310707851265?commentUrn=urn%3Ali%3Acomment%3A%28activity%3A7262285310707851265%2C7262439594057461760%29
2024-11-15 18:23:12,LIKE,https://www.linkedin.com/feed/update/urn%3Ali%3Aactivity%3A7262285310707851265?commentUrn=urn%3Ali%3Acomment%3A%28activity%3A7262285310707851265%2C7262415643717636096%29
2024-11-15 18:22:46,LIKE,https://www.linkedin.com/feed/update/urn%3Ali%3Aactivity%3A7262285310707851265?commentUrn=urn%3Ali%3Acomment%3A%28activity%3A7262285310707851265%2C7262552654503981058%29
2024-11-15 18:22:29,LIKE,https://www.linkedin.com/feed/update/urn%3Ali%3Aactivity%3A7262285310707851265?commentUrn=urn%3Ali%3Acomment%3A%28activity%3A7262285310707851265%2C7262440635251544064%29
2024-11-15 18:22:05,LIKE,https://www.linkedin.com/feed/update/urn%3Ali%3Aactivity%3A7262285310707851265?commentUrn=urn%3Ali%3Acomment%3A%28activity%3A7262285310707851265%2C7262459774443696128%29
2024-11-15 15:31:33,LIKE,https://www.linkedin.com/feed/update/urn%3Ali%3Aactivity%3A7263125873325740033
2024-11-13 14:59:18,LIKE,https://www.linkedin.com/feed/update/urn%3Ali%3Aactivity%3A7262156944897896448
2024-11-13 12:35:52,LIKE,https://www.linkedin.com/feed/update/urn%3Ali%3Aactivity%3A7262423194857271296
2024-11-13 07:41:41,LIKE,https://www.linkedin.com/feed/update/urn%3Ali%3Aactivity%3A7261545119810498560
2024-11-13 07:35:24,LIKE,https://www.linkedin.com/feed/update/urn%3Ali%3Aactivity%3A7262099247108440065
2024-11-13 07:32:25,APPRECIATION,https://www.linkedin.com/feed/update/urn%3Ali%3Aactivity%3A7262026414495801344
2024-11-13 07:29:30,LIKE,https://www.linkedin.com/feed/update/urn%3Ali%3Aactivity%3A7260597997833457667
2024-11-13 07:27:44,LIKE,https://www.linkedin.com/feed/update/urn%3Ali%3Aactivity%3A7262285310707851265?commentUrn=urn%3Ali%3Acomment%3A%28activity%3A7262285310707851265%2C7262287650651320321%29
2024-11-12 19:52:09,APPRECIATION,https://www.linkedin.com/feed/update/urn%3Ali%3Aactivity%3A7262047844356820994?commentUrn=urn%3Ali%3Acomment%3A%28activity%3A7262047844356820994%2C7262095794537742337%29
2024-11-12 19:52:06,APPRECIATION,https://www.linkedin.com/feed/update/urn%3Ali%3Aactivity%3A7262047844356820994?commentUrn=urn%3Ali%3Acomment%3A%28activity%3A7262047844356820994%2C7262085445407096833%29
2024-11-12 19:52:02,APPRECIATION,https://www.linkedin.com/feed/update/urn%3Ali%3Aactivity%3A7262047844356820994?commentUrn=urn%3Ali%3Acomment%3A%28activity%3A7262047844356820994%2C7262159114930118657%29
2024-11-12 19:51:56,APPRECIATION,https://www.linkedin.com/feed/update/urn%3Ali%3Aactivity%3A7262047844356820994?commentUrn=urn%3Ali%3Acomment%3A%28activity%3A7262047844356820994%2C7262161051129888768%29
2024-11-12 11:16:48,LIKE,https://www.linkedin.com/feed/update/urn%3Ali%3Aactivity%3A7262047844356820994?commentUrn=urn%3Ali%3Acomment%3A%28activity%3A7262047844356820994%2C7262053179851210754%29
2024-11-08 09:49:30,LIKE,https://www.linkedin.com/feed/update/urn%3Ali%3Aactivity%3A7259210230666792961
2024-11-08 09:49:11,LIKE,https://www.linkedin.com/feed/update/urn%3Ali%3Aactivity%3A7255585581810823169
2024-11-08 07:56:48,LIKE,https://www.linkedin.com/feed/update/urn%3Ali%3Aactivity%3A7259952398482264065?commentUrn=urn%3Ali%3Acomment%3A%28activity%3A7259952398482264065%2C7260370679097692160%29
2024-11-08 07:56:25,LIKE,https://www.linkedin.com/feed/update/urn%3Ali%3Aactivity%3A7259952398482264065?commentUrn=urn%3Ali%3Acomment%3A%28activity%3A7259952398482264065%2C7260367049951002624%29
2024-11-08 07:56:10,LIKE,https://www.linkedin.com/feed/update/urn%3Ali%3Aactivity%3A7259952398482264065?commentUrn=urn%3Ali%3Acomment%3A%28activity%3A7259952398482264065%2C7260365229463605249%29
2024-11-08 07:55:34,LIKE,https://www.linkedin.com/feed/update/urn%3Ali%3Aactivity%3A7259952398482264065?commentUrn=urn%3Ali%3Acomment%3A%28activity%3A7259952398482264065%2C7260361527071817728%29
2024-11-08 07:39:40,LIKE,https://www.linkedin.com/feed/update/urn%3Ali%3Aactivity%3A7259952398482264065?commentUrn=urn%3Ali%3Acomment%3A%28activity%3A7259952398482264065%2C7260352842140463107%29
2024-11-07 16:29:15,ENTERTAINMENT,https://www.linkedin.com/feed/update/urn%3Ali%3Aactivity%3A7259952398482264065?commentUrn=urn%3Ali%3Acomment%3A%28activity%3A7259952398482264065%2C7260219483686871040%29
2024-11-07 11:43:23,LIKE,https://www.linkedin.com/feed/update/urn%3Ali%3Aactivity%3A7259952398482264065?commentUrn=urn%3Ali%3Acomment%3A%28activity%3A7259952398482264065%2C7260219890177830912%29
2024-11-07 11:43:20,LIKE,https://www.linkedin.com/feed/update/urn%3Ali%3Aactivity%3A7259952398482264065?commentUrn=urn%3Ali%3Acomment%3A%28activity%3A7259952398482264065%2C7260214271899295745%29
2024-11-07 08:48:27,LIKE,https://www.linkedin.com/feed/update/urn%3Ali%3Aactivity%3A7259952398482264065?commentUrn=urn%3Ali%3Acomment%3A%28activity%3A7259952398482264065%2C7260206088598302720%29
2024-11-07 08:48:24,LIKE,https://www.linkedin.com/feed/update/urn%3Ali%3Aactivity%3A7259952398482264065?commentUrn=urn%3Ali%3Acomment%3A%28activity%3A7259952398482264065%2C7260199147968851969%29
2024-11-07 08:48:21,LIKE,https://www.linkedin.com/feed/update/urn%3Ali%3Aactivity%3A7259952398482264065?commentUrn=urn%3Ali%3Acomment%3A%28activity%3A7259952398482264065%2C7260195473049702402%29
2024-11-07 08:48:19,LIKE,https://www.linkedin.com/feed/update/urn%3Ali%3Aactivity%3A7259952398482264065?commentUrn=urn%3Ali%3Acomment%3A%28activity%3A7259952398482264065%2C7260194683371360257%29
2024-11-07 08:48:17,LIKE,https://www.linkedin.com/feed/update/urn%3Ali%3Aactivity%3A7259952398482264065?commentUrn=urn%3Ali%3Acomment%3A%28activity%3A7259952398482264065%2C7260187466475675649%29
2024-11-07 08:48:15,LIKE,https://www.linkedin.com/feed/update/urn%3Ali%3Aactivity%3A7259952398482264065?commentUrn=urn%3Ali%3Acomment%3A%28activity%3A7259952398482264065%2C7260170171426697216%29
2024-11-07 08:48:12,LIKE,https://www.linkedin.com/feed/update/urn%3Ali%3Aactivity%3A7259952398482264065?commentUrn=urn%3Ali%3Acomment%3A%28activity%3A7259952398482264065%2C7260169907907002368%29
2024-11-07 08:48:09,LIKE,https://www.linkedin.com/feed/update/urn%3Ali%3Aactivity%3A7259952398482264065?commentUrn=urn%3Ali%3Acomment%3A%28activity%3A7259952398482264065%2C7260055263942991872%29
2024-11-07 08:48:05,LIKE,https://www.linkedin.com/feed/update/urn%3Ali%3Aactivity%3A7259952398482264065?commentUrn=urn%3Ali%3Acomment%3A%28activity%3A7259952398482264065%2C7260025482820173824%29
2024-11-07 08:47:56,LIKE,https://www.linkedin.com/feed/update/urn%3Ali%3Aactivity%3A7259952398482264065?commentUrn=urn%3Ali%3Acomment%3A%28activity%3A7259952398482264065%2C7260016532091539456%29
2024-11-07 08:47:53,LIKE,https://www.linkedin.com/feed/update/urn%3Ali%3Aactivity%3A7259952398482264065?commentUrn=urn%3Ali%3Acomment%3A%28activity%3A7259952398482264065%2C7260015335100018688%29
2024-11-07 08:47:49,LIKE,https://www.linkedin.com/feed/update/urn%3Ali%3Aactivity%3A7259952398482264065?commentUrn=urn%3Ali%3Acomment%3A%28activity%3A7259952398482264065%2C7260015039640662017%29
2024-11-07 08:47:46,LIKE,https://www.linkedin.com/feed/update/urn%3Ali%3Aactivity%3A7259952398482264065?commentUrn=urn%3Ali%3Acomment%3A%28activity%3A7259952398482264065%2C7260013739075072000%29
2024-11-07 08:47:44,LIKE,https://www.linkedin.com/feed/update/urn%3Ali%3Aactivity%3A7259952398482264065?commentUrn=urn%3Ali%3Acomment%3A%28activity%3A7259952398482264065%2C7260010173405052928%29
2024-11-07 08:47:42,LIKE,https://www.linkedin.com/feed/update/urn%3Ali%3Aactivity%3A7259952398482264065?commentUrn=urn%3Ali%3Acomment%3A%28activity%3A7259952398482264065%2C7260007018780880896%29
2024-11-07 08:47:40,LIKE,https://www.linkedin.com/feed/update/urn%3Ali%3Aactivity%3A7259952398482264065?commentUrn=urn%3Ali%3Acomment%3A%28activity%3A7259952398482264065%2C7260005076067401728%29
2024-11-07 08:47:37,LIKE,https://www.linkedin.com/feed/update/urn%3Ali%3Aactivity%3A7259952398482264065?commentUrn=urn%3Ali%3Acomment%3A%28activity%3A7259952398482264065%2C7259995163102494720%29
2024-11-07 08:47:34,LIKE,https://www.linkedin.com/feed/update/urn%3Ali%3Aactivity%3A7259952398482264065?commentUrn=urn%3Ali%3Acomment%3A%28activity%3A7259952398482264065%2C7259990820013895680%29
2024-11-07 08:47:31,LIKE,https://www.linkedin.com/feed/update/urn%3Ali%3Aactivity%3A7259952398482264065?commentUrn=urn%3Ali%3Acomment%3A%28activity%3A7259952398482264065%2C7259990489175605249%29
2024-11-07 08:47:26,LIKE,https://www.linkedin.com/feed/update/urn%3Ali%3Aactivity%3A7259952398482264065?commentUrn=urn%3Ali%3Acomment%3A%28activity%3A7259952398482264065%2C7259988789874323456%29
2024-11-07 08:47:25,LIKE,https://www.linkedin.com/feed/update/urn%3Ali%3Aactivity%3A7259952398482264065?commentUrn=urn%3Ali%3Acomment%3A%28activity%3A7259952398482264065%2C7259986682643398656%29
2024-11-07 08:47:21,LIKE,https://www.linkedin.com/feed/update/urn%3Ali%3Aactivity%3A7259952398482264065?commentUrn=urn%3Ali%3Acomment%3A%28activity%3A7259952398482264065%2C7259986306749943809%29
2024-11-07 08:47:19,LIKE,https://www.linkedin.com/feed/update/urn%3Ali%3Aactivity%3A7259952398482264065?commentUrn=urn%3Ali%3Acomment%3A%28activity%3A7259952398482264065%2C7259986002969006080%29
2024-11-07 08:47:16,LIKE,https://www.linkedin.com/feed/update/urn%3Ali%3Aactivity%3A7259952398482264065?commentUrn=urn%3Ali%3Acomment%3A%28activity%3A7259952398482264065%2C7259979696614903809%29
2024-11-07 08:47:11,LIKE,https://www.linkedin.com/feed/update/urn%3Ali%3Aactivity%3A7259952398482264065?commentUrn=urn%3Ali%3Acomment%3A%28activity%3A7259952398482264065%2C7259979584991825920%29
2024-11-07 08:47:08,LIKE,https://www.linkedin.com/feed/update/urn%3Ali%3Aactivity%3A7259952398482264065?commentUrn=urn%3Ali%3Acomment%3A%28activity%3A7259952398482264065%2C7259977448035946497%29
2024-11-07 08:47:06,LIKE,https://www.linkedin.com/feed/update/urn%3Ali%3Aactivity%3A7259952398482264065?commentUrn=urn%3Ali%3Acomment%3A%28activity%3A7259952398482264065%2C7259973458975973376%29
2024-11-07 08:47:04,LIKE,https://www.linkedin.com/feed/update/urn%3Ali%3Aactivity%3A7259952398482264065?commentUrn=urn%3Ali%3Acomment%3A%28activity%3A7259952398482264065%2C7259973127034531841%29
2024-11-07 08:45:10,LIKE,https://www.linkedin.com/feed/update/urn%3Ali%3Aactivity%3A7259952398482264065?commentUrn=urn%3Ali%3Acomment%3A%28activity%3A7259952398482264065%2C7260206634914795520%29
2024-11-07 06:47:24,LIKE,https://www.linkedin.com/feed/update/urn%3Ali%3AugcPost%3A7259480888210526208
2024-11-06 16:37:22,LIKE,https://www.linkedin.com/feed/update/urn%3Ali%3Aactivity%3A7259952398482264065?commentUrn=urn%3Ali%3Acomment%3A%28activity%3A7259952398482264065%2C7259959573367713792%29
2024-11-06 16:28:36,ENTERTAINMENT,https://www.linkedin.com/feed/update/urn%3Ali%3Aactivity%3A7259952398482264065?commentUrn=urn%3Ali%3Acomment%3A%28activity%3A7259952398482264065%2C7259962071830720512%29
2024-11-06 15:48:24,APPRECIATION,https://www.linkedin.com/feed/update/urn%3Ali%3Aactivity%3A7259952398482264065?commentUrn=urn%3Ali%3Acomment%3A%28activity%3A7259952398482264065%2C7259953601035325441%29
2024-11-06 09:06:07,LIKE,https://www.linkedin.com/feed/update/urn%3Ali%3Aactivity%3A7259821827240173568
2024-11-05 12:33:11,LIKE,https://www.linkedin.com/feed/update/urn%3Ali%3Aactivity%3A7257807044827660288?commentUrn=urn%3Ali%3Acomment%3A%28activity%3A7257807044827660288%2C7257809645073846273%29
2024-11-05 12:30:30,LIKE,https://www.linkedin.com/feed/update/urn%3Ali%3Aactivity%3A7259522648139870208
2024-10-31 17:36:14,EMPATHY,https://www.linkedin.com/feed/update/urn%3Ali%3Aactivity%3A7257807044827660288
2024-10-31 12:07:36,LIKE,https://www.linkedin.com/feed/update/urn%3Ali%3Aactivity%3A7257710503014133760
2024-10-31 08:29:31,LIKE,https://www.linkedin.com/feed/update/urn%3Ali%3Aactivity%3A7257668519738118145
2024-10-31 08:28:44,EMPATHY,https://www.linkedin.com/feed/update/urn%3Ali%3AugcPost%3A7257665152936808448
2024-10-31 07:25:44,LIKE,https://www.linkedin.com/feed/update/urn%3Ali%3Aactivity%3A7257289941368324096
2024-10-31 07:21:54,LIKE,https://www.linkedin.com/feed/update/urn%3Ali%3Aactivity%3A7257635123230064641
2024-10-31 07:21:50,LIKE,https://www.linkedin.com/feed/update/urn%3Ali%3Aactivity%3A7257309379283107840
2024-10-31 07:20:28,ENTERTAINMENT,https://www.linkedin.com/feed/update/urn%3Ali%3AugcPost%3A7257641664498872320
2024-10-30 17:47:45,LIKE,https://www.linkedin.com/feed/update/urn%3Ali%3Aactivity%3A7257308630503297024
2024-10-29 13:18:59,PRAISE,https://www.linkedin.com/feed/update/urn%3Ali%3AugcPost%3A7256978936360792065
2024-10-29 13:18:31,LIKE,https://www.linkedin.com/feed/update/urn%3Ali%3Aactivity%3A7252196595142717440
2024-10-29 13:15:41,APPRECIATION,https://www.linkedin.com/feed/update/urn%3Ali%3Aactivity%3A7257013401485217792
2024-10-29 13:09:21,LIKE,https://www.linkedin.com/feed/update/urn%3Ali%3AugcPost%3A7256854477188603904
2024-10-29 08:55:26,LIKE,https://www.linkedin.com/feed/update/urn%3Ali%3Aactivity%3A7255519202885742592
2024-10-28 13:34:03,PRAISE,https://www.linkedin.com/feed/update/urn%3Ali%3AugcPost%3A7256567739870240768
2024-10-28 13:33:08,PRAISE,https://www.linkedin.com/feed/update/urn%3Ali%3Aactivity%3A7256593546214785024
2024-10-27 15:36:31,LIKE,https://www.linkedin.com/feed/update/urn%3Ali%3Aactivity%3A7251592598857940992
2024-10-27 15:35:40,LIKE,https://www.linkedin.com/feed/update/urn%3Ali%3Aactivity%3A7253283741488349184
2024-10-27 15:35:07,LIKE,https://www.linkedin.com/feed/update/urn%3Ali%3Aactivity%3A7256326715105316864
2024-10-25 19:18:14,LIKE,https://www.linkedin.com/feed/update/urn%3Ali%3Aactivity%3A7254406153785208833
2024-10-25 19:17:58,LIKE,https://www.linkedin.com/feed/update/urn%3Ali%3Aactivity%3A7252680566372798466
2024-10-25 19:17:05,LIKE,https://www.linkedin.com/feed/update/urn%3Ali%3Aactivity%3A7254854104131223552
2024-10-25 19:16:37,LIKE,https://www.linkedin.com/feed/update/urn%3Ali%3AugcPost%3A7252237985327333376
2024-10-25 19:15:54,ENTERTAINMENT,https://www.linkedin.com/feed/update/urn%3Ali%3Aactivity%3A7255242730073731072
2024-10-24 19:20:42,LIKE,https://www.linkedin.com/feed/update/urn%3Ali%3Aactivity%3A7255133388079001602
2024-10-24 19:20:27,LIKE,https://www.linkedin.com/feed/update/urn%3Ali%3Aactivity%3A7255285268457385984
2024-10-24 08:31:48,LIKE,https://www.linkedin.com/feed/update/urn%3Ali%3Aactivity%3A7255099448702189569
2024-10-23 12:26:43,LIKE,https://www.linkedin.com/feed/update/urn%3Ali%3Aactivity%3A7254733392527716352
2024-10-23 11:27:53,LIKE,https://www.linkedin.com/feed/update/urn%3Ali%3Aactivity%3A7254493776344137728
2024-10-21 12:54:07,LIKE,https://www.linkedin.com/feed/update/urn%3Ali%3Aactivity%3A7250505451811815425
2024-10-21 09:58:20,LIKE,https://www.linkedin.com/feed/update/urn%3Ali%3Aactivity%3A7249537981416443906
2024-10-21 09:57:27,LIKE,https://www.linkedin.com/feed/update/urn%3Ali%3Aactivity%3A7249577468049661952
2024-10-21 09:57:01,LIKE,https://www.linkedin.com/feed/update/urn%3Ali%3Aactivity%3A7251834180123189248
2024-10-21 09:50:59,LIKE,https://www.linkedin.com/feed/update/urn%3Ali%3Aactivity%3A7232516115535409152
2024-10-21 09:11:43,LIKE,https://www.linkedin.com/feed/update/urn%3Ali%3Aactivity%3A7253735778202071040
2024-10-21 09:11:05,LIKE,https://www.linkedin.com/feed/update/urn%3Ali%3Aactivity%3A7253766920858984448
2024-10-20 09:01:43,APPRECIATION,https://www.linkedin.com/feed/update/urn%3Ali%3Aactivity%3A7251498854808715264
2024-10-20 09:00:56,PRAISE,https://www.linkedin.com/feed/update/urn%3Ali%3Aactivity%3A7250389753416617984
2024-10-20 09:00:06,LIKE,https://www.linkedin.com/feed/update/urn%3Ali%3AugcPost%3A7252139195756892160
2024-10-20 08:59:34,LIKE,https://www.linkedin.com/feed/update/urn%3Ali%3Aactivity%3A7252983331040980993
2024-10-20 08:59:13,LIKE,https://www.linkedin.com/feed/update/urn%3Ali%3Aactivity%3A7253042185355358209
2024-10-20 08:58:57,PRAISE,https://www.linkedin.com/feed/update/urn%3Ali%3AugcPost%3A7253048652523266048
2024-10-20 08:58:47,PRAISE,https://www.linkedin.com/feed/update/urn%3Ali%3Aactivity%3A7253292945762582528
2024-10-20 08:58:41,LIKE,https://www.linkedin.com/feed/update/urn%3Ali%3AugcPost%3A7253687068671774720
2024-10-20 08:57:13,LIKE,https://www.linkedin.com/feed/update/urn%3Ali%3Aactivity%3A7253053917368889347
2024-10-20 08:57:00,LIKE,https://www.linkedin.com/feed/update/urn%3Ali%3Aactivity%3A7253653714614292480
2024-10-20 08:56:54,LIKE,https://www.linkedin.com/feed/update/urn%3Ali%3AugcPost%3A7252970532168462338
2024-10-18 08:29:43,LIKE,https://www.linkedin.com/feed/update/urn%3Ali%3AugcPost%3A7249434573409837057
2024-10-18 08:29:17,EMPATHY,https://www.linkedin.com/feed/update/urn%3Ali%3Aactivity%3A7252778330859429888
2024-10-18 08:28:51,LIKE,https://www.linkedin.com/feed/update/urn%3Ali%3Aactivity%3A7252921420597346304
2024-10-17 06:55:38,LIKE,https://www.linkedin.com/feed/update/urn%3Ali%3Aactivity%3A7252559585784258560
2024-10-17 06:55:00,LIKE,https://www.linkedin.com/feed/update/urn%3Ali%3Aactivity%3A7251879679979139073
2024-10-17 06:52:25,LIKE,https://www.linkedin.com/feed/update/urn%3Ali%3AugcPost%3A7249433000952705024
2024-10-17 06:51:10,LIKE,https://www.linkedin.com/feed/update/urn%3Ali%3Aactivity%3A7250029874118017024
2024-10-17 06:50:47,LIKE,https://www.linkedin.com/feed/update/urn%3Ali%3Aactivity%3A7249053478226919424
2024-10-17 06:50:25,LIKE,https://www.linkedin.com/feed/update/urn%3Ali%3Aactivity%3A7252566516146044928
2024-10-17 06:49:45,LIKE,https://www.linkedin.com/feed/update/urn%3Ali%3Aactivity%3A7252373247596384256
2024-10-07 08:35:52,LIKE,https://www.linkedin.com/feed/update/urn%3Ali%3Aactivity%3A7247844140607016960
2024-10-07 08:30:17,LIKE,https://www.linkedin.com/feed/update/urn%3Ali%3Aactivity%3A7248040869142966272
2024-10-07 08:26:05,LIKE,https://www.linkedin.com/feed/update/urn%3Ali%3Aactivity%3A7248942753026367488
2024-10-02 06:28:00,PRAISE,https://www.linkedin.com/feed/update/urn%3Ali%3Aactivity%3A7246881387327148032
2024-10-02 06:26:11,LIKE,https://www.linkedin.com/feed/update/urn%3Ali%3Aactivity%3A7247123159693377536
2024-10-02 06:24:25,LIKE,https://www.linkedin.com/feed/update/urn%3Ali%3Aactivity%3A7246873907947880449
2024-09-26 12:53:18,LIKE,https://www.linkedin.com/feed/update/urn%3Ali%3Aactivity%3A7244960135758979072
2024-09-26 12:51:54,LIKE,https://www.linkedin.com/feed/update/urn%3Ali%3Aactivity%3A7242593876530671616
2024-09-26 12:51:41,PRAISE,https://www.linkedin.com/feed/update/urn%3Ali%3Aactivity%3A7244962469343821824
2024-09-18 09:24:37,LIKE,https://www.linkedin.com/feed/update/urn%3Ali%3AugcPost%3A7240690648759042049
2024-09-17 12:53:15,LIKE,https://www.linkedin.com/feed/update/urn%3Ali%3AugcPost%3A7237338238258999297
2024-09-17 12:52:55,LIKE,https://www.linkedin.com/feed/update/urn%3Ali%3AugcPost%3A7241302129317978112
2024-09-06 17:29:49,LIKE,https://www.linkedin.com/feed/update/urn%3Ali%3Aactivity%3A7237482214836383744
2024-09-06 17:28:33,LIKE,https://www.linkedin.com/feed/update/urn%3Ali%3AugcPost%3A7237722647327903744
2024-09-03 12:28:11,LIKE,https://www.linkedin.com/feed/update/urn%3Ali%3Aactivity%3A7236494615883714560
2024-09-02 18:49:56,PRAISE,https://www.linkedin.com/feed/update/urn%3Ali%3Aactivity%3A7236385065633484801
2024-08-20 08:31:47,LIKE,https://www.linkedin.com/feed/update/urn%3Ali%3Aactivity%3A7231181851942420480?commentUrn=urn%3Ali%3Acomment%3A%28activity%3A7231181851942420480%2C7231384841513025536%29
2024-08-20 08:30:23,APPRECIATION,https://www.linkedin.com/feed/update/urn%3Ali%3AugcPost%3A7229092620235358208
2024-08-20 08:29:24,LIKE,https://www.linkedin.com/feed/update/urn%3Ali%3AugcPost%3A7228713351856467968
2024-08-20 08:22:12,APPRECIATION,https://www.linkedin.com/feed/update/urn%3Ali%3Aactivity%3A7227589933882916865
2024-08-20 08:21:32,LIKE,https://www.linkedin.com/feed/update/urn%3Ali%3Aactivity%3A7231551836560723968
2024-07-08 08:02:09,EMPATHY,https://www.linkedin.com/feed/update/urn%3Ali%3Aactivity%3A7210929783289884672
2024-07-08 08:01:20,PRAISE,https://www.linkedin.com/feed/update/urn%3Ali%3AugcPost%3A7210970199682887682
2024-05-24 15:02:21,LIKE,https://www.linkedin.com/feed/update/urn%3Ali%3AugcPost%3A7199667162473541632
2024-05-24 15:01:42,LIKE,https://www.linkedin.com/feed/update/urn%3Ali%3AugcPost%3A7196110572424228865
2024-05-22 06:45:53,LIKE,https://www.linkedin.com/feed/update/urn%3Ali%3Aactivity%3A7197121180376387585?commentUrn=urn%3Ali%3Acomment%3A%28activity%3A7197121180376387585%2C7198715916954550275%29
2024-05-22 06:45:48,LIKE,https://www.linkedin.com/feed/update/urn%3Ali%3Aactivity%3A7197121180376387585?commentUrn=urn%3Ali%3Acomment%3A%28activity%3A7197121180376387585%2C7197567548777762816%29
2024-05-16 08:59:58,LIKE,https://www.linkedin.com/feed/update/urn%3Ali%3Aactivity%3A7196743670719500289
2024-05-16 08:59:21,LIKE,https://www.linkedin.com/feed/update/urn%3Ali%3Aactivity%3A7195324434948177920
2024-05-16 07:53:20,LIKE,https://www.linkedin.com/feed/update/urn%3Ali%3AugcPost%3A7192935010604056578
2024-05-16 07:53:06,PRAISE,https://www.linkedin.com/feed/update/urn%3Ali%3AugcPost%3A7196554030037245952
2024-04-28 08:25:12,LIKE,https://www.linkedin.com/feed/update/urn%3Ali%3AugcPost%3A7189261799832076289
2024-04-24 09:40:12,LIKE,https://www.linkedin.com/feed/update/urn%3Ali%3AugcPost%3A7186063682856996864
2024-04-23 15:02:14,LIKE,https://www.linkedin.com/feed/update/urn%3Ali%3Aactivity%3A7188412640191217664
2024-04-19 19:43:27,APPRECIATION,https://www.linkedin.com/feed/update/urn%3Ali%3Aactivity%3A7187153520461008897
2024-04-19 08:16:07,LIKE,https://www.linkedin.com/feed/update/urn%3Ali%3AugcPost%3A7186627164199415808
2024-04-16 14:33:27,LIKE,https://www.linkedin.com/feed/update/urn%3Ali%3Aactivity%3A7185977562613891072
2024-04-16 09:44:34,LIKE,https://www.linkedin.com/feed/update/urn%3Ali%3Aactivity%3A7183857281409691648
2024-04-12 09:32:24,LIKE,https://www.linkedin.com/feed/update/urn%3Ali%3AgroupPost%3A12993577-7184131983625584640
2024-04-12 08:47:01,EMPATHY,https://www.linkedin.com/feed/update/urn%3Ali%3Aactivity%3A7184466400571187200
2024-03-29 06:49:34,LIKE,https://www.linkedin.com/feed/update/urn%3Ali%3AugcPost%3A7178319020352290816
2024-03-01 09:39:11,LIKE,https://www.linkedin.com/feed/update/urn%3Ali%3Aactivity%3A7166159528877633536
2024-02-07 10:57:50,LIKE,https://www.linkedin.com/feed/update/urn%3Ali%3Aactivity%3A7159261383686000640
2024-02-07 10:57:24,LIKE,https://www.linkedin.com/feed/update/urn%3Ali%3Aactivity%3A7160936207445565442
2024-02-07 10:57:02,PRAISE,https://www.linkedin.com/feed/update/urn%3Ali%3Aactivity%3A7159447927210323968
2024-02-07 09:00:16,LIKE,https://www.linkedin.com/feed/update/urn%3Ali%3Aactivity%3A7160586777634734081
2024-01-31 08:42:07,ENTERTAINMENT,https://www.linkedin.com/feed/update/urn%3Ali%3Aactivity%3A7157736810268213248?commentUrn=urn%3Ali%3Acomment%3A%28activity%3A7157736810268213248%2C7157817384139964417%29
2024-01-31 08:41:27,PRAISE,https://www.linkedin.com/feed/update/urn%3Ali%3Aactivity%3A7157736810268213248
2024-01-31 08:38:22,LIKE,https://www.linkedin.com/feed/update/urn%3Ali%3Aactivity%3A7155450540309565440
2024-01-31 08:35:51,PRAISE,https://www.linkedin.com/feed/update/urn%3Ali%3Aactivity%3A7156699220928819200
2024-01-19 08:28:12,PRAISE,https://www.linkedin.com/feed/update/urn%3Ali%3Aactivity%3A7152985616891146240
2024-01-19 08:28:04,PRAISE,https://www.linkedin.com/feed/update/urn%3Ali%3AugcPost%3A7150225390156816384
2024-01-19 08:27:49,APPRECIATION,https://www.linkedin.com/feed/update/urn%3Ali%3Aactivity%3A7151246950867087360
2024-01-16 13:50:12,LIKE,https://www.linkedin.com/feed/update/urn%3Ali%3AugcPost%3A7152646864041832449
2024-01-03 15:10:22,LIKE,https://www.linkedin.com/feed/update/urn%3Ali%3Aactivity%3A7147892811864932353
2023-10-29 08:01:05,LIKE,https://www.linkedin.com/feed/update/urn%3Ali%3Aactivity%3A7120475058887647233
2023-10-29 08:00:55,PRAISE,https://www.linkedin.com/feed/update/urn%3Ali%3Aactivity%3A7122505036357623808
2023-10-28 10:09:55,LIKE,https://www.linkedin.com/feed/update/urn%3Ali%3AugcPost%3A7123588869010186240
2023-10-27 13:31:48,LIKE,https://www.linkedin.com/feed/update/urn%3Ali%3Aactivity%3A7121012185836773376
2023-10-16 06:53:09,APPRECIATION,https://www.linkedin.com/feed/update/urn%3Ali%3Aactivity%3A7117789160232349696
2023-10-16 06:52:49,LIKE,https://www.linkedin.com/feed/update/urn%3Ali%3Aactivity%3A7114686199901949954
2023-10-16 06:51:36,LIKE,https://www.linkedin.com/feed/update/urn%3Ali%3Aactivity%3A7118247651925516288
2023-10-16 06:50:57,LIKE,https://www.linkedin.com/feed/update/urn%3Ali%3Aactivity%3A7114516954312253441
2023-10-16 06:50:32,PRAISE,https://www.linkedin.com/feed/update/urn%3Ali%3AugcPost%3A7118519329444225024
2023-09-27 07:10:12,LIKE,https://www.linkedin.com/feed/update/urn%3Ali%3Aactivity%3A7104819551996944384
2023-09-15 06:51:48,LIKE,https://www.linkedin.com/feed/update/urn%3Ali%3Aactivity%3A7107105579554201600
2023-09-08 19:16:36,LIKE,https://www.linkedin.com/feed/update/urn%3Ali%3AugcPost%3A7101132302709055489
2023-09-08 06:32:26,LIKE,https://www.linkedin.com/feed/update/urn%3Ali%3Aactivity%3A7102496027382820864
2023-09-08 05:10:06,LIKE,https://www.linkedin.com/feed/update/urn%3Ali%3Aactivity%3A7104736730502586369
2023-09-08 05:03:51,APPRECIATION,https://www.linkedin.com/feed/update/urn%3Ali%3AugcPost%3A7102577878696869888
2023-09-08 05:02:52,LIKE,https://www.linkedin.com/feed/update/urn%3Ali%3Aactivity%3A7105294856482103296
2023-08-18 08:58:29,LIKE,https://www.linkedin.com/feed/update/urn%3Ali%3Aactivity%3A7098212616665190400
2023-07-12 13:23:15,LIKE,https://www.linkedin.com/feed/update/urn%3Ali%3Aactivity%3A7083766386883207169
2023-07-12 13:22:32,LIKE,https://www.linkedin.com/feed/update/urn%3Ali%3Aactivity%3A7078418457213456384
2023-07-12 13:21:56,LIKE,https://www.linkedin.com/feed/update/urn%3Ali%3AugcPost%3A7080550365296754688
2023-07-12 13:21:54,LIKE,https://www.linkedin.com/feed/update/urn%3Ali%3AugcPost%3A7081892295100231680
2023-07-12 13:21:39,LIKE,https://www.linkedin.com/feed/update/urn%3Ali%3Aactivity%3A7082728893849169920
2023-07-12 13:20:47,LIKE,https://www.linkedin.com/feed/update/urn%3Ali%3Aactivity%3A7081918019362267136
2023-07-12 13:20:08,LIKE,https://www.linkedin.com/feed/update/urn%3Ali%3Aactivity%3A7080832605406846976
2023-07-12 13:19:51,LIKE,https://www.linkedin.com/feed/update/urn%3Ali%3AugcPost%3A7081979852303560704?commentUrn=urn%3Ali%3Acomment%3A%28ugcPost%3A7081979852303560704%2C7081984729125670912%29
2023-07-12 13:19:46,PRAISE,https://www.linkedin.com/feed/update/urn%3Ali%3AugcPost%3A7081979852303560704
2023-07-12 13:19:22,LIKE,https://www.linkedin.com/feed/update/urn%3Ali%3Aactivity%3A7080515049479397376
2023-07-12 13:19:08,LIKE,https://www.linkedin.com/feed/update/urn%3Ali%3Aactivity%3A7083765244757434368
2023-07-12 13:18:53,LIKE,https://www.linkedin.com/feed/update/urn%3Ali%3Aactivity%3A7080488952322748416
2023-07-12 13:18:45,LIKE,https://www.linkedin.com/feed/update/urn%3Ali%3AugcPost%3A7080301382179639296
2023-06-13 13:31:11,EMPATHY,https://www.linkedin.com/feed/update/urn%3Ali%3AugcPost%3A7072994230725447680
2023-05-12 14:50:17,LIKE,https://www.linkedin.com/feed/update/urn%3Ali%3Aactivity%3A7059035782241472512
2023-05-12 14:48:57,LIKE,https://www.linkedin.com/feed/update/urn%3Ali%3Aactivity%3A7059819095612874752
2023-04-29 06:32:05,LIKE,https://www.linkedin.com/feed/update/urn%3Ali%3Aactivity%3A7053969567617830913
2023-04-29 06:31:50,LIKE,https://www.linkedin.com/feed/update/urn%3Ali%3Aactivity%3A7055216396225384448
2023-04-14 12:59:27,LIKE,https://www.linkedin.com/feed/update/urn%3Ali%3Aactivity%3A7051911529062883328
2023-03-31 10:08:21,PRAISE,https://www.linkedin.com/feed/update/urn%3Ali%3AugcPost%3A7046112386159636480
2023-02-22 09:05:25,LIKE,https://www.linkedin.com/feed/update/urn%3Ali%3Aactivity%3A7029018604876505088
2023-01-23 14:51:12,LIKE,https://www.linkedin.com/feed/update/urn%3Ali%3Aactivity%3A7019256771823161344
2023-01-23 14:41:17,PRAISE,https://www.linkedin.com/feed/update/urn%3Ali%3AugcPost%3A7018473727843516416
2023-01-23 14:40:44,PRAISE,https://www.linkedin.com/feed/update/urn%3Ali%3AugcPost%3A7022200663702917121
2023-01-03 13:52:20,LIKE,https://www.linkedin.com/feed/update/urn%3Ali%3Aactivity%3A7015595318486392832
2022-12-21 16:31:41,LIKE,https://www.linkedin.com/feed/update/urn%3Ali%3AugcPost%3A7009412489901682688
2022-12-21 16:31:28,PRAISE,https://www.linkedin.com/feed/update/urn%3Ali%3Aactivity%3A7006615439548010496
2022-12-21 16:31:05,PRAISE,https://www.linkedin.com/feed/update/urn%3Ali%3Aactivity%3A7007022373937836032
2022-12-21 16:30:44,LIKE,https://www.linkedin.com/feed/update/urn%3Ali%3Aactivity%3A7010899377619623936
2022-11-16 15:40:14,LIKE,https://www.linkedin.com/feed/update/urn%3Ali%3Aactivity%3A6994930687594143744
2022-11-04 09:44:02,PRAISE,https://www.linkedin.com/feed/update/urn%3Ali%3Aactivity%3A6992159238978453505
2022-11-04 09:43:50,PRAISE,https://www.linkedin.com/feed/update/urn%3Ali%3Aactivity%3A6992802222984065024
2022-11-04 09:43:20,LIKE,https://www.linkedin.com/feed/update/urn%3Ali%3Aactivity%3A6993367786764787712
2022-11-04 09:42:59,PRAISE,https://www.linkedin.com/feed/update/urn%3Ali%3Aactivity%3A6993627841661652992
2022-11-04 09:42:00,ENTERTAINMENT,https://www.linkedin.com/feed/update/urn%3Ali%3Aactivity%3A6990218370914607104
2022-11-04 09:41:32,PRAISE,https://www.linkedin.com/feed/update/urn%3Ali%3Aactivity%3A6992782370097504256
2022-11-04 09:41:25,LIKE,https://www.linkedin.com/feed/update/urn%3Ali%3Aactivity%3A6990757988647006208
2022-11-04 09:40:37,LIKE,https://www.linkedin.com/feed/update/urn%3Ali%3Aactivity%3A6993003648305819648
2022-11-04 09:40:19,LIKE,https://www.linkedin.com/feed/update/urn%3Ali%3Aactivity%3A6990132849630683136
2022-11-04 09:40:04,LIKE,https://www.linkedin.com/feed/update/urn%3Ali%3Aactivity%3A6993994528395255808
2022-11-04 09:38:58,LIKE,https://www.linkedin.com/feed/update/urn%3Ali%3Aactivity%3A6993253778036523008
2022-11-04 09:38:40,LIKE,https://www.linkedin.com/feed/update/urn%3Ali%3Aactivity%3A6991690013461639168
2022-11-04 09:38:01,LIKE,https://www.linkedin.com/feed/update/urn%3Ali%3Aactivity%3A6991494439412142080
2022-11-04 09:37:42,APPRECIATION,https://www.linkedin.com/feed/update/urn%3Ali%3Aactivity%3A6990704650727342080
2022-10-06 13:26:10,ENTERTAINMENT,https://www.linkedin.com/feed/update/urn%3Ali%3Aactivity%3A6980935565256888320
2022-10-01 15:16:22,LIKE,https://www.linkedin.com/feed/update/urn%3Ali%3AugcPost%3A6978692589650591745
2022-10-01 15:13:01,LIKE,https://www.linkedin.com/feed/update/urn%3Ali%3Aactivity%3A6981327096593743872
2022-09-19 05:26:12,LIKE,https://www.linkedin.com/feed/update/urn%3Ali%3AugcPost%3A6976591663360053248
2022-09-15 11:37:21,LIKE,https://www.linkedin.com/feed/update/urn%3Ali%3Aactivity%3A6975014982518239232
2022-09-12 08:53:41,LIKE,https://www.linkedin.com/feed/update/urn%3Ali%3Aactivity%3A6974700922476052480
2022-09-12 08:52:28,LIKE,https://www.linkedin.com/feed/update/urn%3Ali%3AugcPost%3A6973204985853419520
2022-09-12 08:49:01,LIKE,https://www.linkedin.com/feed/update/urn%3Ali%3AugcPost%3A6972497921015443457
2022-09-12 08:47:58,LIKE,https://www.linkedin.com/feed/update/urn%3Ali%3AugcPost%3A6972938433686040576
2022-09-12 08:47:42,LIKE,https://www.linkedin.com/feed/update/urn%3Ali%3Aactivity%3A6974998859710091264
2022-06-16 14:27:29,LIKE,https://www.linkedin.com/feed/update/urn%3Ali%3Aactivity%3A6943200548200321026
2022-06-15 13:28:03,PRAISE,https://www.linkedin.com/feed/update/urn%3Ali%3Aactivity%3A6942499211259121664
2022-06-15 13:27:39,PRAISE,https://www.linkedin.com/feed/update/urn%3Ali%3AugcPost%3A6942755456356380672
2022-06-15 13:26:21,PRAISE,https://www.linkedin.com/feed/update/urn%3Ali%3Aactivity%3A6942407560700284930
2022-06-15 13:25:41,PRAISE,https://www.linkedin.com/feed/update/urn%3Ali%3Aactivity%3A6942758416754896898
2022-05-12 06:00:37,LIKE,https://www.linkedin.com/feed/update/urn%3Ali%3Aactivity%3A6930391534362099712
2022-05-11 13:50:58,LIKE,https://www.linkedin.com/feed/update/urn%3Ali%3Aactivity%3A6930142071357898752
2022-04-20 14:09:06,PRAISE,https://www.linkedin.com/feed/update/urn%3Ali%3Aactivity%3A6918946236184100864
2022-04-20 14:08:56,PRAISE,https://www.linkedin.com/feed/update/urn%3Ali%3Aactivity%3A6920608649484673024
2022-04-20 14:08:14,LIKE,https://www.linkedin.com/feed/update/urn%3Ali%3Aactivity%3A6919910794352545792
2022-04-20 14:00:48,LIKE,https://www.linkedin.com/feed/update/urn%3Ali%3Aactivity%3A6922506827049922561
2022-04-20 09:40:55,LIKE,https://www.linkedin.com/feed/update/urn%3Ali%3Aactivity%3A6922462587158724608
2022-04-20 09:39:51,LIKE,https://www.linkedin.com/feed/update/urn%3Ali%3Aactivity%3A6922167723204460544
2022-04-20 09:39:30,LIKE,https://www.linkedin.com/feed/update/urn%3Ali%3Aactivity%3A6922072572226375681
2022-04-19 06:49:45,LIKE,https://www.linkedin.com/feed/update/urn%3Ali%3Aactivity%3A6921893246440808448
2022-04-14 15:29:28,LIKE,https://www.linkedin.com/feed/update/urn%3Ali%3Aactivity%3A6918478170031603712
2022-04-13 14:07:28,LIKE,https://www.linkedin.com/feed/update/urn%3Ali%3Aactivity%3A6919999553072988160
2022-04-06 14:44:23,LIKE,https://www.linkedin.com/feed/update/urn%3Ali%3Aactivity%3A6915341266578759680
2022-04-06 14:42:19,LIKE,https://www.linkedin.com/feed/update/urn%3Ali%3Aactivity%3A6915901424040112128
2022-03-30 14:45:29,LIKE,https://www.linkedin.com/feed/update/urn%3Ali%3Aactivity%3A6914940297714032640
2022-03-30 13:32:24,LIKE,https://www.linkedin.com/feed/update/urn%3Ali%3Aactivity%3A6914859839831601152
2022-03-30 13:26:52,LIKE,https://www.linkedin.com/feed/update/urn%3Ali%3Aactivity%3A6914461599059623937
2022-03-30 13:09:13,LIKE,https://www.linkedin.com/feed/update/urn%3Ali%3Aactivity%3A6912667749840277505
2022-03-30 13:08:49,LIKE,https://www.linkedin.com/feed/update/urn%3Ali%3Aactivity%3A6912436267993505792
2022-03-30 13:08:25,LIKE,https://www.linkedin.com/feed/update/urn%3Ali%3Aactivity%3A6914854698936098816
2022-03-30 13:04:23,LIKE,https://www.linkedin.com/feed/update/urn%3Ali%3Aactivity%3A6914901058347552768
2022-03-30 13:04:16,LIKE,https://www.linkedin.com/feed/update/urn%3Ali%3AlyndaCourse%3A2895314
2022-03-30 13:01:29,LIKE,https://www.linkedin.com/feed/update/urn%3Ali%3Aactivity%3A6914825923666051072
2022-03-26 09:13:55,PRAISE,https://www.linkedin.com/feed/update/urn%3Ali%3AugcPost%3A6911972528773021696
2022-03-26 09:11:59,LIKE,https://www.linkedin.com/feed/update/urn%3Ali%3AugcPost%3A6913011461812285440
2022-03-26 09:10:37,LIKE,https://www.linkedin.com/feed/update/urn%3Ali%3Aactivity%3A6910233565888741376
2022-03-26 09:10:26,LIKE,https://www.linkedin.com/feed/update/urn%3Ali%3Aactivity%3A6913235067053953024?commentUrn=urn%3Ali%3Acomment%3A%28activity%3A6913235067053953024%2C6913236344500551680%29
2022-03-26 09:09:31,PRAISE,https://www.linkedin.com/feed/update/urn%3Ali%3Aactivity%3A6913235067053953024
2022-03-26 09:09:16,LIKE,https://www.linkedin.com/feed/update/urn%3Ali%3AugcPost%3A6912814657892163584
2022-03-26 09:06:53,LIKE,https://www.linkedin.com/feed/update/urn%3Ali%3Aactivity%3A6912699415031861248
2022-03-04 10:53:15,LIKE,https://www.linkedin.com/feed/update/urn%3Ali%3Aactivity%3A6905098439751819264
2022-01-21 07:54:26,LIKE,https://www.linkedin.com/feed/update/urn%3Ali%3Aactivity%3A6886961111699087360
2021-12-16 07:51:29,LIKE,https://www.linkedin.com/feed/update/urn%3Ali%3AugcPost%3A6873274876807942144
2021-12-16 07:51:19,LIKE,https://www.linkedin.com/feed/update/urn%3Ali%3Aactivity%3A6873398521190481920
2021-12-16 07:46:35,LIKE,https://www.linkedin.com/feed/update/urn%3Ali%3Aactivity%3A6876077251042140161
2021-12-09 07:45:30,LIKE,https://www.linkedin.com/feed/update/urn%3Ali%3Aactivity%3A6873914811692933120
2021-10-21 08:33:07,LIKE,https://www.linkedin.com/feed/update/urn%3Ali%3Aactivity%3A6851829361490890752
2021-10-21 08:31:34,LIKE,https://www.linkedin.com/feed/update/urn%3Ali%3Aactivity%3A6856590888487972864
2021-10-21 08:31:22,LIKE,https://www.linkedin.com/feed/update/urn%3Ali%3Aactivity%3A6856531110617260032
2021-10-14 06:46:18,LIKE,https://www.linkedin.com/feed/update/urn%3Ali%3Aactivity%3A6853968371977900033
2021-10-14 06:44:31,LIKE,https://www.linkedin.com/feed/update/urn%3Ali%3Aactivity%3A6853968838103511041
2021-10-14 06:43:46,LIKE,https://www.linkedin.com/feed/update/urn%3Ali%3Aactivity%3A6854183247685971968
2021-10-04 10:07:50,LIKE,https://www.linkedin.com/feed/update/urn%3Ali%3Aactivity%3A6850676956921430016
2021-08-30 09:09:41,LIKE,https://www.linkedin.com/feed/update/urn%3Ali%3Aactivity%3A6838012602145116160
2021-06-17 07:28:26,PRAISE,https://www.linkedin.com/feed/update/urn%3Ali%3Aactivity%3A6810080803960229888
2021-06-17 07:28:14,PRAISE,https://www.linkedin.com/feed/update/urn%3Ali%3Aactivity%3A6809103649772453888
2021-06-17 07:26:23,LIKE,https://www.linkedin.com/feed/update/urn%3Ali%3Aactivity%3A6808861196301717504
2021-05-21 09:37:53,LIKE,https://www.linkedin.com/feed/update/urn%3Ali%3Aactivity%3A6800743844112560128
2021-05-05 12:27:06,LIKE,https://www.linkedin.com/feed/update/urn%3Ali%3Aactivity%3A6795656834024828928
2021-05-02 15:34:25,LIKE,https://www.linkedin.com/feed/update/urn%3Ali%3Aactivity%3A6793837578027061249
2021-04-13 15:48:41,LIKE,https://www.linkedin.com/feed/update/urn%3Ali%3Aactivity%3A6787378513784709120
2021-02-25 07:41:28,LIKE,https://www.linkedin.com/feed/update/urn%3Ali%3Aactivity%3A6770282813704024064
2020-12-12 13:22:50,LIKE,https://www.linkedin.com/feed/update/urn%3Ali%3Aactivity%3A6742025045113085952
2020-12-10 07:48:18,LIKE,https://www.linkedin.com/feed/update/urn%3Ali%3Aactivity%3A6741995481464881152
2020-12-06 18:35:28,LIKE,https://www.linkedin.com/feed/update/urn%3Ali%3Aactivity%3A6740549226054328320
2020-12-06 18:34:48,LIKE,https://www.linkedin.com/feed/update/urn%3Ali%3Aactivity%3A6741274197605146624
2020-12-04 15:23:51,APPRECIATION,https://www.linkedin.com/feed/update/urn%3Ali%3Aactivity%3A6740292218222854144?commentUrn=urn%3Ali%3Acomment%3A%28activity%3A6740292218222854144%2C6740582958517764096%29
2020-12-01 07:12:10,MAYBE,https://www.linkedin.com/feed/update/urn%3Ali%3Aactivity%3A6737356817216630784
2020-12-01 07:10:56,LIKE,https://www.linkedin.com/feed/update/urn%3Ali%3Aactivity%3A6736619346090594304
2020-12-01 07:09:27,LIKE,https://www.linkedin.com/feed/update/urn%3Ali%3Aactivity%3A6737643912753676288
2020-12-01 07:06:29,LIKE,https://www.linkedin.com/feed/update/urn%3Ali%3Aactivity%3A6736622310335246337
2020-12-01 07:06:18,LIKE,https://www.linkedin.com/feed/update/urn%3Ali%3Aactivity%3A6738112033558007808
2020-12-01 07:04:44,LIKE,https://www.linkedin.com/feed/update/urn%3Ali%3Aactivity%3A6739314612807708672
2020-12-01 07:03:55,LIKE,https://www.linkedin.com/feed/update/urn%3Ali%3Aactivity%3A6738150651798315008
2020-12-01 07:01:52,LIKE,https://www.linkedin.com/feed/update/urn%3Ali%3Aactivity%3A6739119982925377536
2020-12-01 07:00:52,PRAISE,https://www.linkedin.com/feed/update/urn%3Ali%3Aactivity%3A6738344874472431616
2020-12-01 06:59:27,LIKE,https://www.linkedin.com/feed/update/urn%3Ali%3Aactivity%3A6738780131822727168
2020-12-01 06:58:55,LIKE,https://www.linkedin.com/feed/update/urn%3Ali%3Aactivity%3A6738878143014178816
2020-12-01 06:58:46,LIKE,https://www.linkedin.com/feed/update/urn%3Ali%3Aactivity%3A6739162356858834944
2020-12-01 06:58:35,LIKE,https://www.linkedin.com/feed/update/urn%3Ali%3Aactivity%3A6737002606687748096
2020-11-28 18:32:37,LIKE,https://www.linkedin.com/feed/update/urn%3Ali%3Aactivity%3A6735957725253025792?commentUrn=urn%3Ali%3Acomment%3A%28activity%3A6735957725253025792%2C6736070501954797568%29
2020-11-28 18:32:36,LIKE,https://www.linkedin.com/feed/update/urn%3Ali%3Aactivity%3A6735957725253025792?commentUrn=urn%3Ali%3Acomment%3A%28activity%3A6735957725253025792%2C6738365549723557888%29
2020-11-28 18:31:59,LIKE,https://www.linkedin.com/feed/update/urn%3Ali%3Aactivity%3A6737990951135936512
2020-11-26 12:29:09,LIKE,https://www.linkedin.com/feed/update/urn%3Ali%3Aactivity%3A6737324671529738240
2020-11-26 12:28:51,LIKE,https://www.linkedin.com/feed/update/urn%3Ali%3Aactivity%3A6737663871613468672
2020-11-26 07:20:04,LIKE,https://www.linkedin.com/feed/update/urn%3Ali%3Aactivity%3A6737312424485011456
2020-11-26 07:18:37,LIKE,https://www.linkedin.com/feed/update/urn%3Ali%3AugcPost%3A6737334656527601664
2020-11-26 07:07:25,LIKE,https://www.linkedin.com/feed/update/urn%3Ali%3Aactivity%3A6737266914487226368
2020-11-22 18:30:13,LIKE,https://www.linkedin.com/feed/update/urn%3Ali%3Aactivity%3A6735129482409066496
2020-11-22 12:23:48,LIKE,https://www.linkedin.com/feed/update/urn%3Ali%3Aactivity%3A6736225304274075648
2020-11-22 12:22:12,PRAISE,https://www.linkedin.com/feed/update/urn%3Ali%3Aactivity%3A6734473809618862080
2020-11-22 12:20:29,LIKE,https://www.linkedin.com/feed/update/urn%3Ali%3Aactivity%3A6732995255899049984
2020-11-22 12:18:15,LIKE,https://www.linkedin.com/feed/update/urn%3Ali%3Aactivity%3A6732955704816095232
2020-11-21 16:51:48,LIKE,https://www.linkedin.com/feed/update/urn%3Ali%3AugcPost%3A6733306379395743744
2020-11-21 16:49:22,PRAISE,https://www.linkedin.com/feed/update/urn%3Ali%3Aactivity%3A6735912912621248512
2020-11-21 16:49:04,LIKE,https://www.linkedin.com/feed/update/urn%3Ali%3Aactivity%3A6735882870352551936
2020-11-06 10:40:50,LIKE,https://www.linkedin.com/feed/update/urn%3Ali%3Aactivity%3A6728949400908898304
2020-10-19 13:01:30,LIKE,https://www.linkedin.com/feed/update/urn%3Ali%3Aactivity%3A6723134198497984512?commentUrn=urn%3Ali%3Acomment%3A%28activity%3A6723134198497984512%2C6723586628922707968%29
2020-10-08 18:42:36,LIKE,https://www.linkedin.com/feed/update/urn%3Ali%3Aactivity%3A6719892726625656832
2020-08-28 14:38:07,PRAISE,https://www.linkedin.com/feed/update/urn%3Ali%3Aactivity%3A6704767183970557952
2020-08-17 08:29:33,LIKE,https://www.linkedin.com/feed/update/urn%3Ali%3Aactivity%3A6698524218662891520
2020-07-03 13:12:11,LIKE,https://www.linkedin.com/feed/update/urn%3Ali%3Aactivity%3A6681832486772862976
2020-06-30 13:00:37,LIKE,https://www.linkedin.com/feed/update/urn%3Ali%3Aactivity%3A6681476511670812672
2020-06-30 09:42:35,LIKE,https://www.linkedin.com/feed/update/urn%3Ali%3AugcPost%3A6682229530192613376
2020-06-30 09:41:10,LIKE,https://www.linkedin.com/feed/update/urn%3Ali%3Aactivity%3A6681820893322326016
2020-06-01 16:30:09,LIKE,https://www.linkedin.com/feed/update/urn%3Ali%3Aactivity%3A6672927265141100544
2020-05-07 13:59:54,LIKE,https://www.linkedin.com/feed/update/urn%3Ali%3Aactivity%3A6664095295099543552
2020-05-06 14:26:12,LIKE,https://www.linkedin.com/feed/update/urn%3Ali%3Aactivity%3A6663701790262865920
2020-05-06 14:25:43,LIKE,https://www.linkedin.com/feed/update/urn%3Ali%3Aactivity%3A6661569664537112577
2020-05-06 14:23:12,LIKE,https://www.linkedin.com/feed/update/urn%3Ali%3Aactivity%3A6663719584241078273
2020-05-06 13:56:34,LIKE,https://www.linkedin.com/feed/update/urn%3Ali%3Aactivity%3A6661888279551459328
2020-03-24 08:22:02,LIKE,https://www.linkedin.com/feed/update/urn%3Ali%3Aactivity%3A6646000655813214209
2020-03-18 15:08:58,LIKE,https://www.linkedin.com/feed/update/urn%3Ali%3Aactivity%3A6645602649255223297
2020-03-15 14:48:04,PRAISE,https://www.linkedin.com/feed/update/urn%3Ali%3Aactivity%3A6644190806624350208
2020-03-12 21:45:42,LIKE,https://www.linkedin.com/feed/update/urn%3Ali%3Aactivity%3A6643968039048093696
2020-03-10 16:28:50,LIKE,https://www.linkedin.com/feed/update/urn%3Ali%3Aarticle%3A8014314312017271552
2020-03-10 16:24:19,PRAISE,https://www.linkedin.com/feed/update/urn%3Ali%3Aactivity%3A6641747122318254080
2020-03-10 16:19:02,PRAISE,https://www.linkedin.com/feed/update/urn%3Ali%3AugcPost%3A6642822507768406017
2020-03-09 10:54:30,LIKE,https://www.linkedin.com/feed/update/urn%3Ali%3Aactivity%3A6642693005016993793
2020-03-09 10:52:09,EMPATHY,https://www.linkedin.com/feed/update/urn%3Ali%3Aactivity%3A6641759292003237888
2020-03-09 10:47:41,PRAISE,https://www.linkedin.com/feed/update/urn%3Ali%3Aactivity%3A6642175413902680064
2020-03-09 10:42:02,PRAISE,https://www.linkedin.com/feed/update/urn%3Ali%3Aactivity%3A6642724176127934464
2020-03-07 13:44:48,LIKE,https://www.linkedin.com/feed/update/urn%3Ali%3Aactivity%3A6641997692379770880
2020-02-18 15:24:42,LIKE,https://www.linkedin.com/feed/update/urn%3Ali%3Aactivity%3A6633470951982010368
2020-01-31 06:44:27,PRAISE,https://www.linkedin.com/feed/update/urn%3Ali%3Aactivity%3A6627513189074509824
2020-01-31 06:44:05,LIKE,https://www.linkedin.com/feed/update/urn%3Ali%3Aactivity%3A6628561810192760833
2020-01-21 18:14:02,LIKE,https://www.linkedin.com/feed/update/urn%3Ali%3Aactivity%3A6625398031569207296
2019-10-30 11:26:47,LIKE,https://www.linkedin.com/feed/update/urn%3Ali%3Aarticle%3A7739881259190427833
2019-10-30 11:25:40,LIKE,https://www.linkedin.com/feed/update/urn%3Ali%3Aactivity%3A6592351487186255872
2019-10-25 15:12:57,LIKE,https://www.linkedin.com/feed/update/urn%3Ali%3AugcPost%3A6593131822228529152
2019-10-25 13:27:53,LIKE,https://www.linkedin.com/feed/update/urn%3Ali%3Aactivity%3A6593422988564144128
2019-09-12 13:50:05,LIKE,https://www.linkedin.com/feed/update/urn%3Ali%3AugcPost%3A6575759168978903041
2019-03-21 19:09:25,LIKE,https://www.linkedin.com/feed/update/urn%3Ali%3Aactivity%3A6514184180581036032
2019-03-21 18:44:24,LIKE,https://www.linkedin.com/feed/update/urn%3Ali%3Aactivity%3A6513409944111378432
2019-02-20 21:07:13,LIKE,https://www.linkedin.com/feed/update/urn%3Ali%3Aactivity%3A6503551423249293313
2019-02-05 14:02:28,LIKE,https://www.linkedin.com/feed/update/urn%3Ali%3Aactivity%3A6497954361329754112
2019-02-05 14:02:01,LIKE,https://www.linkedin.com/feed/update/urn%3Ali%3Aactivity%3A6497464687037284352
2019-01-25 17:51:04,LIKE,https://www.linkedin.com/feed/update/urn%3Ali%3AugcPost%3A6494106158591152128
2018-12-06 10:05:40,LIKE,https://www.linkedin.com/feed/update/urn%3Ali%3Aactivity%3A6476151956489539584
2018-12-06 10:05:26,LIKE,https://www.linkedin.com/feed/update/urn%3Ali%3Aactivity%3A6475990243236421632
2018-11-29 09:43:35,LIKE,https://www.linkedin.com/feed/update/urn%3Ali%3Aactivity%3A6473827744244473856
2018-11-13 16:36:16,LIKE,https://www.linkedin.com/feed/update/urn%3Ali%3Aactivity%3A6467468600281300992
2018-10-11 13:38:08,LIKE,https://www.linkedin.com/feed/update/urn%3Ali%3AugcPost%3A6456018609553567744
2018-10-05 12:59:44,LIKE,https://www.linkedin.com/feed/update/urn%3Ali%3Aactivity%3A6446011642139406336
2018-06-13 09:09:09,LIKE,https://www.linkedin.com/feed/update/urn%3Ali%3Aarticle%3A8693913410071768125
2018-06-08 09:14:34,LIKE,https://www.linkedin.com/feed/update/urn%3Ali%3Aarticle%3A8177243543172941825
2018-06-01 15:55:45,LIKE,https://www.linkedin.com/feed/update/urn%3Ali%3Aactivity%3A6408311427467141120
2018-05-18 09:37:42,LIKE,https://www.linkedin.com/feed/update/urn%3Ali%3Aactivity%3A6402439248401752064
2018-05-18 09:36:31,LIKE,https://www.linkedin.com/feed/update/urn%3Ali%3Aactivity%3A6402437680495423488
2018-05-04 13:40:56,LIKE,https://www.linkedin.com/feed/update/urn%3Ali%3Aactivity%3A6398077771326775296
2018-03-30 18:50:08,LIKE,https://www.linkedin.com/feed/update/urn%3Ali%3Aactivity%3A6384766940849807360
2018-03-30 18:47:26,LIKE,https://www.linkedin.com/feed/update/urn%3Ali%3Aactivity%3A6384696036895522816?commentUrn=urn%3Ali%3Acomment%3A%28activity%3A6384696036895522816%2C6384853108928974848%29
2018-03-30 18:47:15,LIKE,https://www.linkedin.com/feed/update/urn%3Ali%3Aactivity%3A6384696036895522816?commentUrn=urn%3Ali%3Acomment%3A%28activity%3A6384696036895522816%2C6385406300087558144%29
2018-03-28 11:10:35,LIKE,https://www.linkedin.com/feed/update/urn%3Ali%3Aactivity%3A6384696036895522816
2018-02-13 09:49:06,LIKE,https://www.linkedin.com/feed/update/urn%3Ali%3Aarticle%3A8824752691362408136
2017-12-08 07:49:46,LIKE,https://www.linkedin.com/feed/update/urn%3Ali%3Aactivity%3A6343650414977646592
2017-12-08 07:46:54,LIKE,https://www.linkedin.com/feed/update/urn%3Ali%3Aactivity%3A6344596562965987328
2017-12-08 07:45:55,LIKE,https://www.linkedin.com/feed/update/urn%3Ali%3Aactivity%3A6344090511850110976
2017-12-06 09:02:39,LIKE,https://www.linkedin.com/feed/update/urn%3Ali%3Aactivity%3A6340631260355977216
2017-12-06 09:02:01,LIKE,https://www.linkedin.com/feed/update/urn%3Ali%3Aactivity%3A6340621439196106754
2017-12-02 07:25:22,LIKE,https://www.linkedin.com/feed/update/urn%3Ali%3Aactivity%3A6341251115996184576
2017-11-26 16:50:29,LIKE,https://www.linkedin.com/feed/update/urn%3Ali%3AugcPost%3A6338690566108254208
2017-11-05 07:42:04,LIKE,https://www.linkedin.com/feed/update/urn%3Ali%3Aactivity%3A6331041251470688256
2017-11-05 07:41:18,LIKE,https://www.linkedin.com/feed/update/urn%3Ali%3Aactivity%3A6331436495899107328
2017-11-05 07:31:43,LIKE,https://www.linkedin.com/feed/update/urn%3Ali%3Aactivity%3A6332477614665588736
2017-10-03 11:09:32,LIKE,https://www.linkedin.com/feed/update/urn%3Ali%3Aactivity%3A6320406347045314560
2017-07-13 16:49:33,LIKE,https://www.linkedin.com/feed/update/urn%3Ali%3Aactivity%3A6289334764407136256
2017-07-13 16:48:26,LIKE,https://www.linkedin.com/feed/update/urn%3Ali%3Aactivity%3A6291238202392997888
2017-06-17 07:11:21,LIKE,https://www.linkedin.com/feed/update/urn%3Ali%3Aactivity%3A6281490710545858560
2017-06-17 07:08:17,LIKE,https://www.linkedin.com/feed/update/urn%3Ali%3Aactivity%3A6280067341967454208
2017-04-16 17:38:42,LIKE,https://www.linkedin.com/feed/update/urn%3Ali%3Aactivity%3A6258580966458167296
2017-04-13 17:01:19,LIKE,https://www.linkedin.com/feed/update/urn%3Ali%3Aactivity%3A6258249328914243584
2017-04-13 16:57:37,LIKE,https://www.linkedin.com/feed/update/urn%3Ali%3Aactivity%3A6257509949048385536
2017-04-13 16:56:37,LIKE,https://www.linkedin.com/feed/update/urn%3Ali%3Aactivity%3A6258302654066229248
2017-04-13 14:48:57,LIKE,https://www.linkedin.com/feed/update/urn%3Ali%3Aactivity%3A6256544170811359232?commentUrn=urn%3Ali%3Acomment%3A%28activity%3A6256544170811359232%2C6257535264227364865%29
2017-04-13 14:48:55,LIKE,https://www.linkedin.com/feed/update/urn%3Ali%3Aactivity%3A6256544170811359232?commentUrn=urn%3Ali%3Acomment%3A%28activity%3A6256544170811359232%2C6258282560837677056%29
2017-03-30 05:50:24,LIKE,https://www.linkedin.com/feed/update/urn%3Ali%3Aactivity%3A6252493725440712704
2017-03-30 05:50:10,LIKE,https://www.linkedin.com/feed/update/urn%3Ali%3Aactivity%3A6252785832860614657
2017-03-30 05:50:00,LIKE,https://www.linkedin.com/feed/update/urn%3Ali%3Aactivity%3A6252393889701851136
2017-03-08 20:54:36,LIKE,https://www.linkedin.com/feed/update/urn%3Ali%3Aactivity%3A6244974900222660608
2017-02-27 06:15:35,LIKE,https://www.linkedin.com/feed/update/urn%3Ali%3Aarticle%3A8496611222584506213
2017-02-24 07:48:45,LIKE,https://www.linkedin.com/feed/update/urn%3Ali%3Aactivity%3A6239410045478535168
2017-02-24 07:48:38,LIKE,https://www.linkedin.com/feed/update/urn%3Ali%3Aactivity%3A6240014096922607617
2017-02-23 22:45:50,LIKE,https://www.linkedin.com/feed/update/urn%3Ali%3Aactivity%3A6240131736177516544?commentUrn=urn%3Ali%3Acomment%3A%28activity%3A6240131736177516544%2C6240554344593260544%29
2017-02-22 11:41:01,LIKE,https://www.linkedin.com/feed/update/urn%3Ali%3Aactivity%3A6240128484723691520
2017-02-22 11:36:37,LIKE,https://www.linkedin.com/feed/update/urn%3Ali%3Aactivity%3A6240079161226989568
2017-02-22 11:35:11,LIKE,https://www.linkedin.com/feed/update/urn%3Ali%3Aactivity%3A6231785863798362112
2017-02-10 17:12:11,LIKE,https://www.linkedin.com/feed/update/urn%3Ali%3Aactivity%3A6234480286571204608
2017-02-03 09:33:58,LIKE,https://www.linkedin.com/feed/update/urn%3Ali%3Aactivity%3A6207976474272624640
2017-02-03 09:33:21,LIKE,https://www.linkedin.com/feed/update/urn%3Ali%3Aactivity%3A6206498603851091968
2017-01-26 09:57:18,LIKE,https://www.linkedin.com/feed/update/urn%3Ali%3Aactivity%3A6230318418180997120
2017-01-26 09:38:58,LIKE,https://www.linkedin.com/feed/update/urn%3Ali%3Aactivity%3A6227790620627341312
2017-01-19 17:02:55,LIKE,https://www.linkedin.com/feed/update/urn%3Ali%3Aactivity%3A6227861789586001920
2017-01-17 15:46:08,LIKE,https://www.linkedin.com/feed/update/urn%3Ali%3Aactivity%3A6217799560748630016
2017-01-17 15:45:45,LIKE,https://www.linkedin.com/feed/update/urn%3Ali%3Aactivity%3A6226776115004866560
2017-01-17 15:45:33,LIKE,https://www.linkedin.com/feed/update/urn%3Ali%3Aactivity%3A6226617964917981184
2017-01-17 15:43:03,LIKE,https://www.linkedin.com/feed/update/urn%3Ali%3Aactivity%3A6226809871170301952
2017-01-12 22:48:33,LIKE,https://www.linkedin.com/feed/update/urn%3Ali%3Aarticle%3A7371176836314900709
2017-01-10 22:33:16,LIKE,https://www.linkedin.com/feed/update/urn%3Ali%3Aactivity%3A6224351533446766592
2016-12-21 16:14:48,LIKE,https://www.linkedin.com/feed/update/urn%3Ali%3Aarticle%3A7996674412475248295
2016-12-21 15:54:09,LIKE,https://www.linkedin.com/feed/update/urn%3Ali%3Aarticle%3A7625823846898635031
2016-12-14 10:16:26,LIKE,https://www.linkedin.com/feed/update/urn%3Ali%3Aactivity%3A6214513404514693120
2016-12-13 07:04:50,LIKE,https://www.linkedin.com/feed/update/urn%3Ali%3Aactivity%3A6209005244370735104
2016-09-10 07:55:31,LIKE,https://www.linkedin.com/feed/update/urn%3Ali%3Aactivity%3A6179273422757994497
2016-09-10 07:55:21,LIKE,https://www.linkedin.com/feed/update/urn%3Ali%3Aactivity%3A6176016575397666818
2016-09-10 07:55:12,LIKE,https://www.linkedin.com/feed/update/urn%3Ali%3Aactivity%3A6178553391040458753
2016-09-10 07:54:59,LIKE,https://www.linkedin.com/feed/update/urn%3Ali%3Aactivity%3A6176984036737560576
2016-09-10 07:54:24,LIKE,https://www.linkedin.com/feed/update/urn%3Ali%3Aactivity%3A6176738032444534784
2016-08-29 15:30:35,LIKE,https://www.linkedin.com/feed/update/urn%3Ali%3Aarticle%3A7238386006245012196
2016-02-05 17:44:18,LIKE,https://www.linkedin.com/feed/update/urn%3Ali%3Aactivity%3A6099921712168599552
2016-02-05 17:44:03,LIKE,https://www.linkedin.com/feed/update/urn%3Ali%3Aactivity%3A6099228649980989440
2016-02-05 17:43:29,LIKE,https://www.linkedin.com/feed/update/urn%3Ali%3Aactivity%3A6099969874820366336
2015-12-11 01:57:37,LIKE,https://www.linkedin.com/feed/update/urn%3Ali%3Aactivity%3A6080475873314631680
2015-11-30 23:02:25,LIKE,https://www.linkedin.com/feed/update/urn%3Ali%3Aactivity%3A6075922196629319680
2015-10-14 07:56:32,LIKE,https://www.linkedin.com/feed/update/urn%3Ali%3Aactivity%3A6057505686806360065
2015-05-07 09:54:47,LIKE,https://www.linkedin.com/feed/update/urn%3Ali%3AgroupPost%3A121998-6000609941595963393?commentUrn=urn%3Ali%3Acomment%3A%28groupPost%3A121998-6000609941595963393%2C6001059993032421376%29
2015-03-05 07:44:29,LIKE,https://www.linkedin.com/feed/update/urn%3Ali%3Aactivity%3A5977540676278059008
2015-03-05 07:44:22,LIKE,https://www.linkedin.com/feed/update/urn%3Ali%3Aactivity%3A5977766440604835841
2015-01-26 15:31:10,LIKE,https://www.linkedin.com/feed/update/urn%3Ali%3Aactivity%3A5963796690862379008
2015-01-12 13:36:14,LIKE,https://www.linkedin.com/feed/update/urn%3Ali%3Aactivity%3A5959651435602804737
2015-01-07 18:10:06,LIKE,https://www.linkedin.com/feed/update/urn%3Ali%3Aactivity%3A5957785203140235264
2014-09-08 15:24:30,LIKE,https://www.linkedin.com/feed/update/urn%3Ali%3Aactivity%3A5912087734066905088
2014-07-11 12:27:32,LIKE,https://www.linkedin.com/feed/update/urn%3Ali%3Aactivity%3A5891270598469906432
2014-07-07 19:13:56,LIKE,https://www.linkedin.com/feed/update/urn%3Ali%3Aactivity%3A5889652837046046720
2014-06-30 14:52:31,LIKE,https://www.linkedin.com/feed/update/urn%3Ali%3Aactivity%3A5884670263945105408
2014-03-30 12:18:17,LIKE,https://www.linkedin.com/feed/update/urn%3Ali%3Aactivity%3A5849963261629313024
2014-02-26 18:08:23,LIKE,https://www.linkedin.com/feed/update/urn%3Ali%3Aactivity%3A5841634586840272897
2014-02-12 08:27:25,LIKE,https://www.linkedin.com/feed/update/urn%3Ali%3Aactivity%3A5837491000599117824
2013-12-11 08:43:17,LIKE,https://www.linkedin.com/feed/update/urn%3Ali%3Aactivity%3A5815800644128210944
2013-12-11 08:39:37,LIKE,https://www.linkedin.com/feed/update/urn%3Ali%3Aactivity%3A5815078330348617728
2013-10-17 07:50:34,LIKE,https://www.linkedin.com/feed/update/urn%3Ali%3Aactivity%3A5796285809292242944
