Date,ShareLink,ShareCommentary,SharedUrl,MediaUrl,Visibility
2025-06-12 16:28:07,https://www.linkedin.com/feed/update/urn%3Ali%3Ashare%3A7338965337050099715,"Je suis press√© de vous retrouver, avec Fran√ßois Luc Moraud , au caf√© IA au Node, la semaine prochaine !","","",MEMBER_NETWORK
2025-06-12 16:24:51,https://www.linkedin.com/feed/update/urn%3Ali%3Ashare%3A7338964512722644996,Tr√®s heureux de travailler main dans la main avec Antoine Jeanjean et Bodic !,"","",MEMBER_NETWORK
2025-04-19 15:44:11,https://www.linkedin.com/feed/update/urn%3Ali%3Ashare%3A7319385334260142082,"Il reste des places pour notre petit d√©jeuner ""Tech&Toast"", dans les locaux de PALO IT pr√®s du Louvres, ce jeudi 24 avril de 8h √† 10h30 ! Sur la th√©matique ""DSI & IA : vers une collaboration augment√©e"", nous vous dresserons un panorama des faits et d√©fis √©mergents, et des solutions les plus courante. Nous pourrons ensuite √©changer dans un cadre convivial et dans une ambiance d√©contract√©e.""
""""
""Ce th√®me vous int√©resse ? O√π vous souhaitez nous rencontrer et √©changer autour de quelques viennoiseries et boissons chaudes ? Alors inscrivez-vous ici :""
""https://lnkd.in/eQ7GB3jB",https://www.eventbrite.fr/e/billets-techtoast-dsi-ia-vers-une-collaboration-augmentee-1316068308739?aff=oddtdtcreator,"",MEMBER_NETWORK
2025-02-24 09:33:11,https://www.linkedin.com/feed/update/urn%3Ali%3Ashare%3A7299723026143563776,"C'est souvent √©tonnant comme de petits changements dans la mani√®re de faire peut am√©liorer drastiquement les r√©sultats. L'approche actuelle du travail avec les assistants de code AI, et avec l'AI d'une mani√®re g√©n√©rale, est focalis√©e sur la g√©n√©ration et la revue de code. Je trouve cela tr√®s appr√©ciable. Les r√©sultats sont int√©ressants √† court terme et sur une petite √©chelle.""
""Notre approche Gen-e2 m'a tr√®s vite int√©ress√© pour une diff√©rence majeure: elle centre le travail sur l'humain plut√¥t que sur l'IA. C'est ce petit changement de philosophie qui engendre un shift op√©rationnel. Nous travaillons en mob programming, experts produit et UX inclus, et organisons notre environnement de travail afin r√©duire au maximum les boucles de feedback. En cons√©quence, une focalisation plus grande, des √©quipiers plus motiv√©s et une suppression drastique des temps d'attente et des interm√©diaires.""
""Les chiffres - x2 √† x5 par rapport √† une approche classique de d√©veloppement - nous semblaient √©normes et trop ambitieux il y a encore quelques mois. Les r√©sultats sont tomb√©s, et notre analyse s'est accrue : c'est en fait une cons√©quence logique de la qualit√© de travail et de projet, qui sont les fondamentaux de la m√©thode.","","",MEMBER_NETWORK
2024-12-04 16:12:16,https://www.linkedin.com/feed/update/urn%3Ali%3AugcPost%3A7270107651445829633,Je #recrute (#hiring). Connaissez-vous quelqu‚Äôun qui pourrait √™tre int√©ress√©¬†?,"","",MEMBER_NETWORK
2024-11-21 17:03:48,https://www.linkedin.com/feed/update/urn%3Ali%3Ashare%3A7265409576810803200,"J'ai des coll√®gues formidables. Est-ce que √ßa vous dirait d'en faire partie ?""
""""
""Depuis quelques ann√©es maintenant, je travail avec PALO IT. Mes coll√®gues ont des convictions sur les logiciels, le software craftsmanship ou sur l'UX design, ce qui est normal.""
""""
""Et lorsqu'ils prennent une pause, de quoi parlent-ils le plus souvent ? De la derni√®re techno √† la mode ? √áa arrive. Du dernier match de rugby ? Oui, assez souvent. Ces sujet en passionnent certains et d'autres √©coutent d'une oreille distraite.""
""""
""En revanche, les conversations qui les rassemblent toujours tout le monde, et qui sont encore plus fr√©quentes, ce sont celles sur l'impact positif que nous cherchons √† avoir sur la plan√®te et la soci√©t√©.""
""""
""Nos projets clients, eux aussi, vont dans cette direction avec pr√®s de 60% du CA issu d'initiatives √† impact. Cela veut dire que nous mesurons celui-ci en permanence, et c'est d√©j√† une diff√©rence. Nous donnons aussi les capacit√©s de se former sur ces sujets, d'int√©grer de nouvelles formations et ateliers syst√©matiquement suivis par tout le monde: accessibilit√©, num√©rique responsable, 2tonnes, etc.""
""""
""De nombreux coll√®gues me parlent aussi de leurs engagement associatifs, pour le climat, l'insertion, le handicap, la formation... Et nous faisons notre possible pour qu'ils puissent y consacrer du temps d√®s que cela est n√©cessaire.""
""""
""En bref, nous nous donnons les moyens d'aller plus loin dans le #TechForGood, et chaque personne se voit responsabilis√©e pour contribuer √† sa mani√®re, de mani√®re √† maintenir ce cercle vertueux qui sert autant au salari√©s qu'aux clients.""
""""
""Ah ! Oui, nous recrutons en ce moment. Alors si vous aussi souhaitez mettre vos comp√©tences au service de projets qui ont du sens, vous serez les bienvenus.""
""""
""Plut√¥t tech ? https://lnkd.in/dqaeKJWA""
""""
""Plut√¥t product design ? https://lnkd.in/dhZn4Qjb""
""""
""Cc Lionel MERCADE Catherine De Vaivre Vincent Desclaux Gr√©gory Ott Julien Leroy Gr√©goire Hubert S√©verin PELLEGRINI Benoit Foucque Jordan Coriton AURELIE DELAUNAY",https://www.welcometothejungle.com/fr/companies/palo-it/jobs/consultant-e-tech-confirme-e-senior_paris,"",MEMBER_NETWORK
2024-11-12 10:25:28,https://www.linkedin.com/feed/update/urn%3Ali%3Ashare%3A7262047842997874689,"Pour cette derni√®re √©dition de BDX I/O, l'IA √©tait au centre de toutes les discussions, et la keynote d'ouverture de Marie-Alice Blete (¬´ LLMs, entre fantasme et r√©alit√© ¬ª) a pos√© le ton. J'ai ador√© sa d√©construction des mythes autour des LLMs, √† l'image d'un tuto RAG en 5 lignes de Python, comment√© et amand√© des consid√©rations pour une mise en production.""
""""
""Voici un aper√ßu des conf√©rences li√©es √† l'IA auxquelles j'ai assist√© :""
""‚Ä¢ Zakaria Ournani avec ¬´ L'IA √©co-responsable : Utopie marketing ou r√©alit√© ? ¬ª a fait un bon point sur les enjeux environnementaux de l'IA sur l'ensemble de son cycle de vie.""
""‚Ä¢ Silvio Vasconcelos nous a invit√©s √† r√©fl√©chir avec ¬´ L'IA-assistance pour le d√©veloppeur : symbiose ou substitution ? ¬ª, concluant que penser que l'IA va nous remplacer, c'est nous diminuer.""
""‚Ä¢ Hugo Vassard m'a donn√© envie d'exp√©rimenter Gradio ce week-end avec sa pr√©sentation ¬´ Un ChatGPT sur vos propres donn√©es : comment √ßa marche ? ¬ª. Tr√®s complet sur le fonctionnement d'un RAG, les co√ªts et les bonnes pratiques.""
""‚Ä¢ Nirina Rabeson a questionn√© la place des musiciens face √† l'IA dans sa keynote de cl√¥ture ¬´ Si l'IA peut cr√©er de la musique, √† quoi servent les musiciens aujourd'hui ? ¬ª.""
""""
""Mention sp√©ciale √† Thanh Lan DOUBLIER et Emmanuelle ABOAF pour ¬´ L'IA et le handicap : progr√®s ou exclusion ? ¬ª. Une pr√©sentation nuanc√©e et pleine d'humour qui rappelle l'importance de co-cr√©er avec les personnes concern√©es : ¬´ Nothing about us without us ¬ª.""
""""
""N'oublions pas les excellentes intervention de Simon Bedard √† propos des Shaders sur le web,  de Mathieu Corbin parlant de l'application de Karpenter chez Qonto ou Charles Bouttaz et Guillaume Ehret qui ont partag√© des id√©es cl√©s pour soutenir une croissance x10 d'une √©quipe tech dans leur ¬´ Rex scale-up, les impacts du passage √† l'√©chelle ¬ª""
""""
""Merci √† l'√©quipe BDX I/O pour un programme vari√©, alliant √©thique, IA, scalabilit√© et software craftsmanship, des sujets au c≈ìur de nos projets client PALO IT, et qui motivent ma veille continue et mes pratiques.","","",MEMBER_NETWORK
2024-10-31 17:06:44,https://www.linkedin.com/feed/update/urn%3Ali%3Ashare%3A7257800172397629441,Merci aux orgas Agile Tour Bordeaux pour cette nouvelle r√©alisation !,"","",MEMBER_NETWORK
2024-10-31 13:53:23,https://www.linkedin.com/feed/update/urn%3Ali%3Ashare%3A7257751514524303360,L'#agileTourBordeaux continue avec le forum ouvert,"","",MEMBER_NETWORK
2024-10-31 09:04:34,https://www.linkedin.com/feed/update/urn%3Ali%3Ashare%3A7257678831291977728,Belle analogie sur la vision data d'une organisation partag√©e par Marc BAGUR ü§ñ‚ö°Ô∏èüè≠ √† l'#AgileTourBodeaux,"","",MEMBER_NETWORK
2023-10-16 06:52:19,https://www.linkedin.com/feed/update/urn%3Ali%3Ashare%3A7119575772574437377,Merci pour votre participation! A bient√¥t pour d'autres √©v√©nements et rencontres,"","",MEMBER_NETWORK
2023-09-06 06:47:31,https://www.linkedin.com/feed/update/urn%3Ali%3AugcPost%3A7105079051244945408,"Si la syst√©mique vous int√©resse, l'animateur est excellent !","","",MEMBER_NETWORK
2023-01-23 14:47:14,https://www.linkedin.com/feed/update/urn%3Ali%3Ashare%3A7023300114534277120,"","","",MEMBER_NETWORK
2022-03-30 14:48:04,https://www.linkedin.com/feed/update/urn%3Ali%3Ashare%3A6914946352531595264,Les coll√®gues Nantais en visite √† Bordeaux,"","",MEMBER_NETWORK
2022-03-26 09:13:42,https://www.linkedin.com/feed/update/urn%3Ali%3Ashare%3A6913412656582340608,"","","",MEMBER_NETWORK
2022-03-04 10:52:57,https://www.linkedin.com/feed/update/urn%3Ali%3Ashare%3A6905465099834798080,"","","",MEMBER_NETWORK
2021-12-16 07:47:36,https://www.linkedin.com/feed/update/urn%3Ali%3Ashare%3A6877152203052773376,Si vous souhaitez vous (re)mettre √† d√©velopper en Scala.,"","",MEMBER_NETWORK
2020-12-03 15:54:53,https://www.linkedin.com/feed/update/urn%3Ali%3Ashare%3A6740292217274957824,"Allez, inscrivez-vous ou proposez √† vos contacts. Nous allons bien nous amuser et, accessoirement, apprendre ensemble !","","",MEMBER_NETWORK
2020-12-01 07:07:14,https://www.linkedin.com/feed/update/urn%3Ali%3Ashare%3A6739434653360427008,"","","",MEMBER_NETWORK
2020-11-26 12:29:02,https://www.linkedin.com/feed/update/urn%3Ali%3Ashare%3A6737703700363571200,"","","",MEMBER_NETWORK
2020-11-26 07:12:56,https://www.linkedin.com/feed/update/urn%3Ali%3Ashare%3A6737624151005159424,"Si vous avez des pistes pour des locaux sur Bordeaux, message ci-dessous","","",MEMBER_NETWORK
2020-11-26 07:11:05,https://www.linkedin.com/feed/update/urn%3Ali%3Ashare%3A6737623686410493952,"Si vous souhaitez d√©couvrir un peu l'agilit√© et envisagez d'approfondir, rejoignez-nous le 3/12 √† 9:30 !","","",MEMBER_NETWORK
2020-11-22 12:19:20,https://www.linkedin.com/feed/update/urn%3Ali%3Ashare%3A6736251708923543552,"Nice, easy, positive messages","","",MEMBER_NETWORK
2020-11-21 16:51:09,https://www.linkedin.com/feed/update/urn%3Ali%3Ashare%3A6735957724749721600,Ceci r√©sume tellement mon sentiment vous √† vis de ce d√©bat !,"","",MEMBER_NETWORK
2020-11-06 10:42:24,https://www.linkedin.com/feed/update/urn%3Ali%3Ashare%3A6730429106019721217,"Avec Alexandre Mezard, et en collaboration avec Simplon, nous pr√©parons une formation pour le d√©but de l'ann√©e 2021 !","","",MEMBER_NETWORK
2020-03-09 10:47:15,https://www.linkedin.com/feed/update/urn%3Ali%3Ashare%3A6642732462269046784,"Tr√®s heureux de cette formidable aventure : 15 cadres, 3 mois et des centaines de post-its pour inviter √† un esprit et une posture agile plus qu'√† une collection de pratiques et √† un cadre. Le r√©sultat, 13 dipl√¥m√©s qui m√©ritent haut la main cette reconnaissance. F√©licitation √† vous toutes et tous !""
""""
""J'esp√®re que cette immersion en inspirera d'autres. En tout cas, je suis motiv√© pour y prendre part !","","",MEMBER_NETWORK
2020-01-21 18:15:58,https://www.linkedin.com/feed/update/urn%3Ali%3Ashare%3A6625450770948997120,"Avec Sam Cranford, nous formons 15 managers √† l'agilit√© depuis plusieurs semaines.""
""Ils sont tr√®s excit√©s √† l'id√©e de venir observer ou mettre en oeuvre leurs nouvelles pratiques dans votre entreprise !","","",MEMBER_NETWORK
2019-10-25 13:28:22,https://www.linkedin.com/feed/update/urn%3Ali%3Ashare%3A6593488260436115457,"","","",MEMBER_NETWORK
2018-10-15 08:58:11,https://www.linkedin.com/feed/update/urn%3Ali%3Ashare%3A6457524815770193920,"Si vous souhaitez partager sur des sujets pros, de mani√®re d√©contract√©e et vivante, avec d'autres pros, le Lean Coffee  est fait pour vous""
""Vendredi matin, 9h au Coolworking √† Bordeaux""
""https://lnkd.in/dXVTxwN",https://www.meetup.com/fr-FR/Agile-Bordeaux/events/255449522/,https://media.licdn.com/media-proxy/ext?w=240&h=240&f=n&hash=BH4PZg8PGyvzjJDuWuHeItsz3Sg%3D&ora=1%2CaFBCTXdkRmpGL2lvQUFBPQ%2CxAVta5g-0R65lhgP0Blv7auEuVqg91NGUYvfTGP-BjrqoorEPzT2JJKCK-fju1oJfzNSjwctIrr1EmWjfZG5Ko3sfdp0gom_ZMWz,MEMBER_NETWORK
2018-10-15 08:58:11,https://www.linkedin.com/feed/update/urn%3Ali%3Ashare%3A6457524815770193920,"Si vous souhaitez partager sur des sujets pros, de mani√®re d√©contract√©e et vivante, avec d'autres pros, le Lean Coffee  est fait pour vous""
""Vendredi matin, 9h au Coolworking √† Bordeaux""
""https://lnkd.in/dXVTxwN",https://www.meetup.com/fr-FR/Agile-Bordeaux/events/255449522/,"",MEMBER_NETWORK
2018-10-05 13:00:12,https://www.linkedin.com/feed/update/urn%3Ali%3Ashare%3A6453961842740985856,Si vous recherchez une approche diff√©rente,"","",MEMBER_NETWORK
2018-06-14 16:33:25,https://www.linkedin.com/feed/update/urn%3Ali%3Ashare%3A6413065675325136896,"","","",MEMBER_NETWORK
2018-06-13 09:10:14,https://www.linkedin.com/feed/update/urn%3Ali%3Ashare%3A6412591756138856448,"Tr√®s bonne prestation hier matin, et voici le r√©sum√© √©crit.","","",MEMBER_NETWORK
2018-06-01 15:55:50,https://www.linkedin.com/feed/update/urn%3Ali%3Ashare%3A6408345173528494080,"","","",MEMBER_NETWORK
2017-06-17 07:12:18,https://www.linkedin.com/feed/update/urn%3Ali%3Ashare%3A6281740054570233856,"","","",MEMBER_NETWORK
2017-06-17 07:09:48,https://www.linkedin.com/feed/update/urn%3Ali%3Ashare%3A6281739428536811520,"","","",MEMBER_NETWORK
2017-03-30 05:50:32,https://www.linkedin.com/feed/update/urn%3Ali%3Ashare%3A6253090837874376704,"","","",MEMBER_NETWORK
2017-02-22 11:35:41,https://www.linkedin.com/feed/update/urn%3Ali%3Ashare%3A6240131736236232704,Int√©ressant !,"","",MEMBER_NETWORK
2017-02-10 17:13:00,https://www.linkedin.com/feed/update/urn%3Ali%3Ashare%3A6235867968975175680,Je recommande vivement!,"","",MEMBER_NETWORK
2017-01-26 09:39:07,https://www.linkedin.com/feed/update/urn%3Ali%3Ashare%3A6230317926289805312,"","","",MEMBER_NETWORK
2017-01-23 17:15:07,https://www.linkedin.com/feed/update/urn%3Ali%3Ashare%3A6229345517906726912,"","","",MEMBER_NETWORK
2015-03-05 07:45:55,https://www.linkedin.com/feed/update/urn%3Ali%3Ashare%3A5979154647963746304,"","","",MEMBER_NETWORK
2015-03-02 16:02:01,https://www.linkedin.com/feed/update/urn%3Ali%3Ashare%3A5978192331499716608,"I just uploaded ""Atelier - Haiku coding"" on SlideShare","","",MEMBER_NETWORK
2014-12-23 22:24:46,https://www.linkedin.com/feed/update/urn%3Ali%3Ashare%3A5953283890268381184,"I just uploaded ""Equipes scrum multiples   upwiser"" on SlideShare","","",MEMBER_NETWORK
2014-11-18 13:27:21,https://www.linkedin.com/feed/update/urn%3Ali%3Ashare%3A5940465069023326208,"I just uploaded ""La reÃÅgression continue - Une m√©thode pour bien faire rater l'adoption agile en entreprise"" on SlideShare","","",MEMBER_NETWORK
2014-11-18 13:22:15,https://www.linkedin.com/feed/update/urn%3Ali%3Ashare%3A5940463786145116160,Fun Look Back of My Professional Journey. Create Yours Now http://lnkd.in/dt_kNUs,"","",MEMBER_NETWORK
2014-11-17 12:51:18,https://www.linkedin.com/feed/update/urn%3Ali%3Ashare%3A5940093611600285696,Fun Look Back of My Professional Journey. Create Yours Now http://lnkd.in/dt_kNUs,"","",MEMBER_NETWORK
2014-11-17 12:48:25,https://www.linkedin.com/feed/update/urn%3Ali%3Ashare%3A5940092886967156736,I connected my LinkedIn and SlideShare accounts,"","",MEMBER_NETWORK
2013-03-06 08:24:10,https://www.linkedin.com/feed/update/urn%3Ali%3Ashare%3A1391123529,"","","",MEMBER_NETWORK
2013-02-06 18:02:36,https://www.linkedin.com/feed/update/urn%3Ali%3Ashare%3A1372659130,"","","",MEMBER_NETWORK
2012-12-19 13:44:07,https://www.linkedin.com/feed/update/urn%3Ali%3Ashare%3A1345424584,"","","",MEMBER_NETWORK
2012-09-13 16:27:37,https://www.linkedin.com/feed/update/urn%3Ali%3Ashare%3A1295067049,Les inscriptions sont ouvertes : http://lnkd.in/r_MPxr,http://agiletourbordeaux.okiwi.org/index.html,"",MEMBER_NETWORK
2012-04-18 06:54:10,https://www.linkedin.com/feed/update/urn%3Ali%3Ashare%3A1048572013,"","","",MEMBER_NETWORK
